date,weekday,name,value
2020-12-25,金,陽性者数累計,7995
2020-12-25,金,退院者数累計,6688
2020-12-25,金,死亡者数累計,117
2020-12-25,金,入院・療養者数,1190
2020-12-25,金,入院中の者の数,276
2020-12-25,金,うち確保病床の入院者数,NA
2020-12-25,金,宿泊療養中の者の数,485
2020-12-25,金,自宅待機等の者の数,429
2020-12-26,土,陽性者数累計,8155
2020-12-26,土,退院者数累計,6765
2020-12-26,土,死亡者数累計,117
2020-12-26,土,入院・療養者数,1273
2020-12-26,土,入院中の者の数,290
2020-12-26,土,うち確保病床の入院者数,NA
2020-12-26,土,宿泊療養中の者の数,497
2020-12-26,土,自宅待機等の者の数,486
2020-12-27,日,陽性者数累計,8292
2020-12-27,日,退院者数累計,6872
2020-12-27,日,死亡者数累計,117
2020-12-27,日,入院・療養者数,1303
2020-12-27,日,入院中の者の数,304
2020-12-27,日,うち確保病床の入院者数,298
2020-12-27,日,宿泊療養中の者の数,514
2020-12-27,日,自宅待機等の者の数,485
2020-12-28,月,陽性者数累計,8434
2020-12-28,月,退院者数累計,6985
2020-12-28,月,死亡者数累計,117
2020-12-28,月,入院・療養者数,1332
2020-12-28,月,入院中の者の数,330
2020-12-28,月,うち確保病床の入院者数,305
2020-12-28,月,宿泊療養中の者の数,519
2020-12-28,月,自宅待機等の者の数,483
2020-12-29,火,陽性者数累計,8585
2020-12-29,火,退院者数累計,7107
2020-12-29,火,死亡者数累計,118
2020-12-29,火,入院・療養者数,1360
2020-12-29,火,入院中の者の数,351
2020-12-29,火,うち確保病床の入院者数,323
2020-12-29,火,宿泊療養中の者の数,479
2020-12-29,火,自宅待機等の者の数,530
2020-12-30,水,陽性者数累計,8774
2020-12-30,水,退院者数累計,7193
2020-12-30,水,死亡者数累計,119
2020-12-30,水,入院・療養者数,1462
2020-12-30,水,入院中の者の数,345
2020-12-30,水,うち確保病床の入院者数,317
2020-12-30,水,宿泊療養中の者の数,546
2020-12-30,水,自宅待機等の者の数,571
2020-12-31,木,陽性者数累計,8964
2020-12-31,木,退院者数累計,7272
2020-12-31,木,死亡者数累計,119
2020-12-31,木,入院・療養者数,1573
2020-12-31,木,入院中の者の数,362
2020-12-31,木,うち確保病床の入院者数,333
2020-12-31,木,宿泊療養中の者の数,586
2020-12-31,木,自宅待機等の者の数,625
2021-01-01,金,陽性者数累計,9122
2021-01-01,金,退院者数累計,7368
2021-01-01,金,死亡者数累計,119
2021-01-01,金,入院・療養者数,1635
2021-01-01,金,入院中の者の数,381
2021-01-01,金,うち確保病床の入院者数,352
2021-01-01,金,宿泊療養中の者の数,607
2021-01-01,金,自宅待機等の者の数,647
2021-01-02,土,陽性者数累計,9246
2021-01-02,土,退院者数累計,7424
2021-01-02,土,死亡者数累計,119
2021-01-02,土,入院・療養者数,1703
2021-01-02,土,入院中の者の数,399
2021-01-02,土,うち確保病床の入院者数,370
2021-01-02,土,宿泊療養中の者の数,562
2021-01-02,土,自宅待機等の者の数,742
2021-01-03,日,陽性者数累計,9350
2021-01-03,日,退院者数累計,7522
2021-01-03,日,死亡者数累計,120
2021-01-03,日,入院・療養者数,1708
2021-01-03,日,入院中の者の数,421
2021-01-03,日,うち確保病床の入院者数,390
2021-01-03,日,宿泊療養中の者の数,513
2021-01-03,日,自宅待機等の者の数,774
2021-01-04,月,陽性者数累計,9477
2021-01-04,月,退院者数累計,7633
2021-01-04,月,死亡者数累計,122
2021-01-04,月,入院・療養者数,1722
2021-01-04,月,入院中の者の数,418
2021-01-04,月,うち確保病床の入院者数,390
2021-01-04,月,宿泊療養中の者の数,502
2021-01-04,月,自宅待機等の者の数,802
2021-01-05,火,陽性者数累計,9664
2021-01-05,火,退院者数累計,7780
2021-01-05,火,死亡者数累計,122
2021-01-05,火,入院・療養者数,1762
2021-01-05,火,入院中の者の数,392
2021-01-05,火,うち確保病床の入院者数,359
2021-01-05,火,宿泊療養中の者の数,490
2021-01-05,火,自宅待機等の者の数,880
2021-01-06,水,陽性者数累計,9980
2021-01-06,水,退院者数累計,7882
2021-01-06,水,死亡者数累計,123
2021-01-06,水,入院・療養者数,1975
2021-01-06,水,入院中の者の数,420
2021-01-06,水,うち確保病床の入院者数,386
2021-01-06,水,宿泊療養中の者の数,488
2021-01-06,水,自宅待機等の者の数,1067
2021-01-07,木,陽性者数累計,10367
2021-01-07,木,退院者数累計,7978
2021-01-07,木,死亡者数累計,125
2021-01-07,木,入院・療養者数,2264
2021-01-07,木,入院中の者の数,444
2021-01-07,木,うち確保病床の入院者数,399
2021-01-07,木,宿泊療養中の者の数,528
2021-01-07,木,自宅待機等の者の数,1292
2021-01-08,金,陽性者数累計,10736
2021-01-08,金,退院者数累計,8113
2021-01-08,金,死亡者数累計,128
2021-01-08,金,入院・療養者数,2495
2021-01-08,金,入院中の者の数,457
2021-01-08,金,うち確保病床の入院者数,412
2021-01-08,金,宿泊療養中の者の数,543
2021-01-08,金,自宅待機等の者の数,1495
2021-01-09,土,陽性者数累計,11063
2021-01-09,土,退院者数累計,8221
2021-01-09,土,死亡者数累計,128
2021-01-09,土,入院・療養者数,2714
2021-01-09,土,入院中の者の数,452
2021-01-09,土,うち確保病床の入院者数,407
2021-01-09,土,宿泊療養中の者の数,549
2021-01-09,土,自宅待機等の者の数,1713
2021-01-10,日,陽性者数累計,11346
2021-01-10,日,退院者数累計,8300
2021-01-10,日,死亡者数累計,129
2021-01-10,日,入院・療養者数,2917
2021-01-10,日,入院中の者の数,469
2021-01-10,日,うち確保病床の入院者数,425
2021-01-10,日,宿泊療養中の者の数,533
2021-01-10,日,自宅待機等の者の数,1915
2021-01-11,月,陽性者数累計,11558
2021-01-11,月,退院者数累計,8391
2021-01-11,月,死亡者数累計,130
2021-01-11,月,入院・療養者数,3037
2021-01-11,月,入院中の者の数,480
2021-01-11,月,うち確保病床の入院者数,436
2021-01-11,月,宿泊療養中の者の数,545
2021-01-11,月,自宅待機等の者の数,2012
2021-01-12,火,陽性者数累計,11757
2021-01-12,火,退院者数累計,8512
2021-01-12,火,死亡者数累計,133
2021-01-12,火,入院・療養者数,3112
2021-01-12,火,入院中の者の数,489
2021-01-12,火,うち確保病床の入院者数,445
2021-01-12,火,宿泊療養中の者の数,521
2021-01-12,火,自宅待機等の者の数,2102
2021-01-13,水,陽性者数累計,12009
2021-01-13,水,退院者数累計,8683
2021-01-13,水,死亡者数累計,134
2021-01-13,水,入院・療養者数,3192
2021-01-13,水,入院中の者の数,480
2021-01-13,水,うち確保病床の入院者数,436
2021-01-13,水,宿泊療養中の者の数,479
2021-01-13,水,自宅待機等の者の数,2233
2021-01-14,木,陽性者数累計,12349
2021-01-14,木,退院者数累計,8979
2021-01-14,木,死亡者数累計,136
2021-01-14,木,入院・療養者数,3234
2021-01-14,木,入院中の者の数,486
2021-01-14,木,うち確保病床の入院者数,421
2021-01-14,木,宿泊療養中の者の数,503
2021-01-14,木,自宅待機等の者の数,2245
2021-01-15,金,陽性者数累計,12709
2021-01-15,金,退院者数累計,9124
2021-01-15,金,死亡者数累計,137
2021-01-15,金,入院・療養者数,3448
2021-01-15,金,入院中の者の数,504
2021-01-15,金,うち確保病床の入院者数,439
2021-01-15,金,宿泊療養中の者の数,494
2021-01-15,金,自宅待機等の者の数,2450
2021-01-16,土,陽性者数累計,13120
2021-01-16,土,退院者数累計,9321
2021-01-16,土,死亡者数累計,139
2021-01-16,土,入院・療養者数,3660
2021-01-16,土,入院中の者の数,509
2021-01-16,土,うち確保病床の入院者数,440
2021-01-16,土,宿泊療養中の者の数,506
2021-01-16,土,自宅待機等の者の数,2645
2021-01-17,日,陽性者数累計,13420
2021-01-17,日,退院者数累計,9470
2021-01-17,日,死亡者数累計,139
2021-01-17,日,入院・療養者数,3811
2021-01-17,日,入院中の者の数,510
2021-01-17,日,うち確保病床の入院者数,441
2021-01-17,日,宿泊療養中の者の数,533
2021-01-17,日,自宅待機等の者の数,2768
2021-01-18,月,陽性者数累計,13623
2021-01-18,月,退院者数累計,9580
2021-01-18,月,死亡者数累計,143
2021-01-18,月,入院・療養者数,3900
2021-01-18,月,入院中の者の数,521
2021-01-18,月,うち確保病床の入院者数,454
2021-01-18,月,宿泊療養中の者の数,543
2021-01-18,月,自宅待機等の者の数,2836
2021-01-19,火,陽性者数累計,13823
2021-01-19,火,退院者数累計,9832
2021-01-19,火,死亡者数累計,151
2021-01-19,火,入院・療養者数,3840
2021-01-19,火,入院中の者の数,507
2021-01-19,火,うち確保病床の入院者数,443
2021-01-19,火,宿泊療養中の者の数,569
2021-01-19,火,自宅待機等の者の数,2764
2021-01-20,水,陽性者数累計,14100
2021-01-20,水,退院者数累計,10126
2021-01-20,水,死亡者数累計,155
2021-01-20,水,入院・療養者数,3819
2021-01-20,水,入院中の者の数,530
2021-01-20,水,うち確保病床の入院者数,465
2021-01-20,水,宿泊療養中の者の数,568
2021-01-20,水,自宅待機等の者の数,2721
2021-01-21,木,陽性者数累計,14385
2021-01-21,木,退院者数累計,10492
2021-01-21,木,死亡者数累計,158
2021-01-21,木,入院・療養者数,3735
2021-01-21,木,入院中の者の数,548
2021-01-21,木,うち確保病床の入院者数,477
2021-01-21,木,宿泊療養中の者の数,546
2021-01-21,木,自宅待機等の者の数,2641
2021-01-22,金,陽性者数累計,14621
2021-01-22,金,退院者数累計,10666
2021-01-22,金,死亡者数累計,162
2021-01-22,金,入院・療養者数,3793
2021-01-22,金,入院中の者の数,543
2021-01-22,金,うち確保病床の入院者数,467
2021-01-22,金,宿泊療養中の者の数,540
2021-01-22,金,自宅待機等の者の数,2710
2021-01-23,土,陽性者数累計,14835
2021-01-23,土,退院者数累計,11120
2021-01-23,土,死亡者数累計,164
2021-01-23,土,入院・療養者数,3551
2021-01-23,土,入院中の者の数,551
2021-01-23,土,うち確保病床の入院者数,474
2021-01-23,土,宿泊療養中の者の数,603
2021-01-23,土,自宅待機等の者の数,2397
2021-01-24,日,陽性者数累計,15059
2021-01-24,日,退院者数累計,11516
2021-01-24,日,死亡者数累計,166
2021-01-24,日,入院・療養者数,3377
2021-01-24,日,入院中の者の数,574
2021-01-24,日,うち確保病床の入院者数,494
2021-01-24,日,宿泊療養中の者の数,629
2021-01-24,日,自宅待機等の者の数,2174
2021-01-25,月,陽性者数累計,15213
2021-01-25,月,退院者数累計,12137
2021-01-25,月,死亡者数累計,169
2021-01-25,月,入院・療養者数,2907
2021-01-25,月,入院中の者の数,563
2021-01-25,月,うち確保病床の入院者数,482
2021-01-25,月,宿泊療養中の者の数,627
2021-01-25,月,自宅待機等の者の数,1717
2021-01-26,火,陽性者数累計,15367
2021-01-26,火,退院者数累計,12358
2021-01-26,火,死亡者数累計,170
2021-01-26,火,入院・療養者数,2839
2021-01-26,火,入院中の者の数,572
2021-01-26,火,うち確保病床の入院者数,491
2021-01-26,火,宿泊療養中の者の数,593
2021-01-26,火,自宅待機等の者の数,1674
2021-01-27,水,陽性者数累計,15552
2021-01-27,水,退院者数累計,12677
2021-01-27,水,死亡者数累計,173
2021-01-27,水,入院・療養者数,2702
2021-01-27,水,入院中の者の数,584
2021-01-27,水,うち確保病床の入院者数,499
2021-01-27,水,宿泊療養中の者の数,626
2021-01-27,水,自宅待機等の者の数,1492
2021-01-28,木,陽性者数累計,15736
2021-01-28,木,退院者数累計,12932
2021-01-28,木,死亡者数累計,177
2021-01-28,木,入院・療養者数,2627
2021-01-28,木,入院中の者の数,586
2021-01-28,木,うち確保病床の入院者数,499
2021-01-28,木,宿泊療養中の者の数,617
2021-01-28,木,自宅待機等の者の数,1424
2021-01-29,金,陽性者数累計,15895
2021-01-29,金,退院者数累計,13192
2021-01-29,金,死亡者数累計,181
2021-01-29,金,入院・療養者数,2522
2021-01-29,金,入院中の者の数,617
2021-01-29,金,うち確保病床の入院者数,533
2021-01-29,金,宿泊療養中の者の数,584
2021-01-29,金,自宅待機等の者の数,1321
2021-01-30,土,陽性者数累計,16049
2021-01-30,土,退院者数累計,13371
2021-01-30,土,死亡者数累計,185
2021-01-30,土,入院・療養者数,2493
2021-01-30,土,入院中の者の数,631
2021-01-30,土,うち確保病床の入院者数,535
2021-01-30,土,宿泊療養中の者の数,572
2021-01-30,土,自宅待機等の者の数,1290
2021-01-31,日,陽性者数累計,16176
2021-01-31,日,退院者数累計,13523
2021-01-31,日,死亡者数累計,187
2021-01-31,日,入院・療養者数,2466
2021-01-31,日,入院中の者の数,657
2021-01-31,日,うち確保病床の入院者数,557
2021-01-31,日,宿泊療養中の者の数,528
2021-01-31,日,自宅待機等の者の数,1281
2021-02-01,月,陽性者数累計,16239
2021-02-01,月,退院者数累計,13883
2021-02-01,月,死亡者数累計,193
2021-02-01,月,入院・療養者数,2163
2021-02-01,月,入院中の者の数,641
2021-02-01,月,うち確保病床の入院者数,538
2021-02-01,月,宿泊療養中の者の数,483
2021-02-01,月,自宅待機等の者の数,1039
2021-02-02,火,陽性者数累計,16316
2021-02-02,火,退院者数累計,14153
2021-02-02,火,死亡者数累計,196
2021-02-02,火,入院・療養者数,1967
2021-02-02,火,入院中の者の数,641
2021-02-02,火,うち確保病床の入院者数,538
2021-02-02,火,宿泊療養中の者の数,437
2021-02-02,火,自宅待機等の者の数,889
2021-02-03,水,陽性者数累計,16434
2021-02-03,水,退院者数累計,14310
2021-02-03,水,死亡者数累計,200
2021-02-03,水,入院・療養者数,1924
2021-02-03,水,入院中の者の数,618
2021-02-03,水,うち確保病床の入院者数,510
2021-02-03,水,宿泊療養中の者の数,412
2021-02-03,水,自宅待機等の者の数,894
2021-02-04,木,陽性者数累計,16552
2021-02-04,木,退院者数累計,14548
2021-02-04,木,死亡者数累計,205
2021-02-04,木,入院・療養者数,1799
2021-02-04,木,入院中の者の数,617
2021-02-04,木,うち確保病床の入院者数,512
2021-02-04,木,宿泊療養中の者の数,365
2021-02-04,木,自宅待機等の者の数,817
2021-02-05,金,陽性者数累計,16643
2021-02-05,金,退院者数累計,14680
2021-02-05,金,死亡者数累計,209
2021-02-05,金,入院・療養者数,1754
2021-02-05,金,入院中の者の数,597
2021-02-05,金,うち確保病床の入院者数,505
2021-02-05,金,宿泊療養中の者の数,354
2021-02-05,金,自宅待機等の者の数,803
2021-02-06,土,陽性者数累計,16742
2021-02-06,土,退院者数累計,14769
2021-02-06,土,死亡者数累計,211
2021-02-06,土,入院・療養者数,1762
2021-02-06,土,入院中の者の数,614
2021-02-06,土,うち確保病床の入院者数,526
2021-02-06,土,宿泊療養中の者の数,327
2021-02-06,土,自宅待機等の者の数,821
2021-02-07,日,陽性者数累計,16835
2021-02-07,日,退院者数累計,14852
2021-02-07,日,死亡者数累計,214
2021-02-07,日,入院・療養者数,1769
2021-02-07,日,入院中の者の数,620
2021-02-07,日,うち確保病床の入院者数,522
2021-02-07,日,宿泊療養中の者の数,290
2021-02-07,日,自宅待機等の者の数,859
2021-02-08,月,陽性者数累計,16892
2021-02-08,月,退院者数累計,14976
2021-02-08,月,死亡者数累計,219
2021-02-08,月,入院・療養者数,1697
2021-02-08,月,入院中の者の数,590
2021-02-08,月,うち確保病床の入院者数,501
2021-02-08,月,宿泊療養中の者の数,279
2021-02-08,月,自宅待機等の者の数,828
2021-02-09,火,陽性者数累計,16963
2021-02-09,火,退院者数累計,15149
2021-02-09,火,死亡者数累計,220
2021-02-09,火,入院・療養者数,1594
2021-02-09,火,入院中の者の数,505
2021-02-09,火,うち確保病床の入院者数,460
2021-02-09,火,宿泊療養中の者の数,273
2021-02-09,火,自宅待機等の者の数,816
2021-02-10,水,陽性者数累計,17066
2021-02-10,水,退院者数累計,15240
2021-02-10,水,死亡者数累計,225
2021-02-10,水,入院・療養者数,1601
2021-02-10,水,入院中の者の数,502
2021-02-10,水,うち確保病床の入院者数,460
2021-02-10,水,宿泊療養中の者の数,290
2021-02-10,水,自宅待機等の者の数,809
2021-02-11,木,陽性者数累計,17176
2021-02-11,木,退院者数累計,15358
2021-02-11,木,死亡者数累計,226
2021-02-11,木,入院・療養者数,1592
2021-02-11,木,入院中の者の数,504
2021-02-11,木,うち確保病床の入院者数,462
2021-02-11,木,宿泊療養中の者の数,277
2021-02-11,木,自宅待機等の者の数,811
2021-02-12,金,陽性者数累計,17263
2021-02-12,金,退院者数累計,15497
2021-02-12,金,死亡者数累計,230
2021-02-12,金,入院・療養者数,1536
2021-02-12,金,入院中の者の数,519
2021-02-12,金,うち確保病床の入院者数,468
2021-02-12,金,宿泊療養中の者の数,283
2021-02-12,金,自宅待機等の者の数,734
2021-02-13,土,陽性者数累計,17327
2021-02-13,土,退院者数累計,15637
2021-02-13,土,死亡者数累計,234
2021-02-13,土,入院・療養者数,1456
2021-02-13,土,入院中の者の数,504
2021-02-13,土,うち確保病床の入院者数,455
2021-02-13,土,宿泊療養中の者の数,261
2021-02-13,土,自宅待機等の者の数,691
2021-02-14,日,陽性者数累計,17396
2021-02-14,日,退院者数累計,15799
2021-02-14,日,死亡者数累計,236
2021-02-14,日,入院・療養者数,1361
2021-02-14,日,入院中の者の数,529
2021-02-14,日,うち確保病床の入院者数,477
2021-02-14,日,宿泊療養中の者の数,265
2021-02-14,日,自宅待機等の者の数,567
2021-02-15,月,陽性者数累計,17442
2021-02-15,月,退院者数累計,16024
2021-02-15,月,死亡者数累計,241
2021-02-15,月,入院・療養者数,1177
2021-02-15,月,入院中の者の数,520
2021-02-15,月,うち確保病床の入院者数,471
2021-02-15,月,宿泊療養中の者の数,255
2021-02-15,月,自宅待機等の者の数,402
2021-02-16,火,陽性者数累計,17490
2021-02-16,火,退院者数累計,16133
2021-02-16,火,死亡者数累計,247
2021-02-16,火,入院・療養者数,1110
2021-02-16,火,入院中の者の数,485
2021-02-16,火,うち確保病床の入院者数,434
2021-02-16,火,宿泊療養中の者の数,246
2021-02-16,火,自宅待機等の者の数,379
2021-02-17,水,陽性者数累計,17555
2021-02-17,水,退院者数累計,16224
2021-02-17,水,死亡者数累計,251
2021-02-17,水,入院・療養者数,1080
2021-02-17,水,入院中の者の数,458
2021-02-17,水,うち確保病床の入院者数,407
2021-02-17,水,宿泊療養中の者の数,253
2021-02-17,水,自宅待機等の者の数,369
2021-02-18,木,陽性者数累計,17656
2021-02-18,木,退院者数累計,16338
2021-02-18,木,死亡者数累計,252
2021-02-18,木,入院・療養者数,1066
2021-02-18,木,入院中の者の数,442
2021-02-18,木,うち確保病床の入院者数,397
2021-02-18,木,宿泊療養中の者の数,233
2021-02-18,木,自宅待機等の者の数,391
2021-02-19,金,陽性者数累計,17716
2021-02-19,金,退院者数累計,16457
2021-02-19,金,死亡者数累計,260
2021-02-19,金,入院・療養者数,999
2021-02-19,金,入院中の者の数,458
2021-02-19,金,うち確保病床の入院者数,391
2021-02-19,金,宿泊療養中の者の数,226
2021-02-19,金,自宅待機等の者の数,315
2021-02-20,土,陽性者数累計,17787
2021-02-20,土,退院者数累計,16519
2021-02-20,土,死亡者数累計,264
2021-02-20,土,入院・療養者数,1004
2021-02-20,土,入院中の者の数,460
2021-02-20,土,うち確保病床の入院者数,392
2021-02-20,土,宿泊療養中の者の数,210
2021-02-20,土,自宅待機等の者の数,334
2021-02-21,日,陽性者数累計,17819
2021-02-21,日,退院者数累計,16572
2021-02-21,日,死亡者数累計,269
2021-02-21,日,入院・療養者数,978
2021-02-21,日,入院中の者の数,459
2021-02-21,日,うち確保病床の入院者数,388
2021-02-21,日,宿泊療養中の者の数,200
2021-02-21,日,自宅待機等の者の数,319
2021-02-22,月,陽性者数累計,17845
2021-02-22,月,退院者数累計,16659
2021-02-22,月,死亡者数累計,273
2021-02-22,月,入院・療養者数,913
2021-02-22,月,入院中の者の数,439
2021-02-22,月,うち確保病床の入院者数,377
2021-02-22,月,宿泊療養中の者の数,174
2021-02-22,月,自宅待機等の者の数,300
2021-02-23,火,陽性者数累計,17890
2021-02-23,火,退院者数累計,16748
2021-02-23,火,死亡者数累計,275
2021-02-23,火,入院・療養者数,867
2021-02-23,火,入院中の者の数,417
2021-02-23,火,うち確保病床の入院者数,359
2021-02-23,火,宿泊療養中の者の数,166
2021-02-23,火,自宅待機等の者の数,284
2021-02-24,水,陽性者数累計,17916
2021-02-24,水,退院者数累計,16821
2021-02-24,水,死亡者数累計,281
2021-02-24,水,入院・療養者数,814
2021-02-24,水,入院中の者の数,398
2021-02-24,水,うち確保病床の入院者数,345
2021-02-24,水,宿泊療養中の者の数,150
2021-02-24,水,自宅待機等の者の数,266
2021-02-25,木,陽性者数累計,17955
2021-02-25,木,退院者数累計,16898
2021-02-25,木,死亡者数累計,283
2021-02-25,木,入院・療養者数,774
2021-02-25,木,入院中の者の数,380
2021-02-25,木,うち確保病床の入院者数,322
2021-02-25,木,宿泊療養中の者の数,149
2021-02-25,木,自宅待機等の者の数,245
2021-02-26,金,陽性者数累計,18007
2021-02-26,金,退院者数累計,16954
2021-02-26,金,死亡者数累計,286
2021-02-26,金,入院・療養者数,767
2021-02-26,金,入院中の者の数,369
2021-02-26,金,うち確保病床の入院者数,309
2021-02-26,金,宿泊療養中の者の数,145
2021-02-26,金,自宅待機等の者の数,253
2021-02-27,土,陽性者数累計,18038
2021-02-27,土,退院者数累計,17040
2021-02-27,土,死亡者数累計,287
2021-02-27,土,入院・療養者数,711
2021-02-27,土,入院中の者の数,356
2021-02-27,土,うち確保病床の入院者数,296
2021-02-27,土,宿泊療養中の者の数,148
2021-02-27,土,自宅待機等の者の数,207
2021-02-28,日,陽性者数累計,18061
2021-02-28,日,退院者数累計,17162
2021-02-28,日,死亡者数累計,291
2021-02-28,日,入院・療養者数,608
2021-02-28,日,入院中の者の数,362
2021-02-28,日,うち確保病床の入院者数,282
2021-02-28,日,宿泊療養中の者の数,126
2021-02-28,日,自宅待機等の者の数,120
2021-03-01,月,陽性者数累計,18078
2021-03-01,月,退院者数累計,17237
2021-03-01,月,死亡者数累計,293
2021-03-01,月,入院・療養者数,548
2021-03-01,月,入院中の者の数,345
2021-03-01,月,うち確保病床の入院者数,273
2021-03-01,月,宿泊療養中の者の数,110
2021-03-01,月,自宅待機等の者の数,93
2021-03-02,火,陽性者数累計,18097
2021-03-02,火,退院者数累計,17295
2021-03-02,火,死亡者数累計,301
2021-03-02,火,入院・療養者数,501
2021-03-02,火,入院中の者の数,317
2021-03-02,火,うち確保病床の入院者数,257
2021-03-02,火,宿泊療養中の者の数,96
2021-03-02,火,自宅待機等の者の数,88
2021-03-03,水,陽性者数累計,18134
2021-03-03,水,退院者数累計,17346
2021-03-03,水,死亡者数累計,303
2021-03-03,水,入院・療養者数,485
2021-03-03,水,入院中の者の数,295
2021-03-03,水,うち確保病床の入院者数,240
2021-03-03,水,宿泊療養中の者の数,100
2021-03-03,水,自宅待機等の者の数,90
2021-03-04,木,陽性者数累計,18171
2021-03-04,木,退院者数累計,17396
2021-03-04,木,死亡者数累計,303
2021-03-04,木,入院・療養者数,472
2021-03-04,木,入院中の者の数,288
2021-03-04,木,うち確保病床の入院者数,224
2021-03-04,木,宿泊療養中の者の数,90
2021-03-04,木,自宅待機等の者の数,94
2021-03-05,金,陽性者数累計,18196
2021-03-05,金,退院者数累計,17466
2021-03-05,金,死亡者数累計,303
2021-03-05,金,入院・療養者数,427
2021-03-05,金,入院中の者の数,271
2021-03-05,金,うち確保病床の入院者数,205
2021-03-05,金,宿泊療養中の者の数,88
2021-03-05,金,自宅待機等の者の数,68
2021-03-06,土,陽性者数累計,18225
2021-03-06,土,退院者数累計,17496
2021-03-06,土,死亡者数累計,303
2021-03-06,土,入院・療養者数,426
2021-03-06,土,入院中の者の数,273
2021-03-06,土,うち確保病床の入院者数,205
2021-03-06,土,宿泊療養中の者の数,81
2021-03-06,土,自宅待機等の者の数,72
2021-03-07,日,陽性者数累計,18259
2021-03-07,日,退院者数累計,17527
2021-03-07,日,死亡者数累計,304
2021-03-07,日,入院・療養者数,428
2021-03-07,日,入院中の者の数,275
2021-03-07,日,うち確保病床の入院者数,208
2021-03-07,日,宿泊療養中の者の数,80
2021-03-07,日,自宅待機等の者の数,73
2021-03-08,月,陽性者数累計,18274
2021-03-08,月,退院者数累計,17571
2021-03-08,月,死亡者数累計,306
2021-03-08,月,入院・療養者数,397
2021-03-08,月,入院中の者の数,263
2021-03-08,月,うち確保病床の入院者数,208
2021-03-08,月,宿泊療養中の者の数,80
2021-03-08,月,自宅待機等の者の数,54
2021-03-09,火,陽性者数累計,18308
2021-03-09,火,退院者数累計,17614
2021-03-09,火,死亡者数累計,306
2021-03-09,火,入院・療養者数,388
2021-03-09,火,入院中の者の数,250
2021-03-09,火,うち確保病床の入院者数,198
2021-03-09,火,宿泊療養中の者の数,77
2021-03-09,火,自宅待機等の者の数,61
2021-03-10,水,陽性者数累計,18357
2021-03-10,水,退院者数累計,17638
2021-03-10,水,死亡者数累計,308
2021-03-10,水,入院・療養者数,411
2021-03-10,水,入院中の者の数,269
2021-03-10,水,うち確保病床の入院者数,209
2021-03-10,水,宿泊療養中の者の数,80
2021-03-10,水,自宅待機等の者の数,62
2021-03-11,木,陽性者数累計,18388
2021-03-11,木,退院者数累計,17675
2021-03-11,木,死亡者数累計,309
2021-03-11,木,入院・療養者数,404
2021-03-11,木,入院中の者の数,269
2021-03-11,木,うち確保病床の入院者数,224
2021-03-11,木,宿泊療養中の者の数,77
2021-03-11,木,自宅待機等の者の数,58
2021-03-12,金,陽性者数累計,18431
2021-03-12,金,退院者数累計,17720
2021-03-12,金,死亡者数累計,311
2021-03-12,金,入院・療養者数,400
2021-03-12,金,入院中の者の数,255
2021-03-12,金,うち確保病床の入院者数,211
2021-03-12,金,宿泊療養中の者の数,88
2021-03-12,金,自宅待機等の者の数,57
2021-03-13,土,陽性者数累計,18472
2021-03-13,土,退院者数累計,17742
2021-03-13,土,死亡者数累計,313
2021-03-13,土,入院・療養者数,417
2021-03-13,土,入院中の者の数,272
2021-03-13,土,うち確保病床の入院者数,230
2021-03-13,土,宿泊療養中の者の数,88
2021-03-13,土,自宅待機等の者の数,57
2021-03-14,日,陽性者数累計,18510
2021-03-14,日,退院者数累計,17763
2021-03-14,日,死亡者数累計,314
2021-03-14,日,入院・療養者数,433
2021-03-14,日,入院中の者の数,278
2021-03-14,日,うち確保病床の入院者数,238
2021-03-14,日,宿泊療養中の者の数,93
2021-03-14,日,自宅待機等の者の数,62
2021-03-15,月,陽性者数累計,18523
2021-03-15,月,退院者数累計,17805
2021-03-15,月,死亡者数累計,316
2021-03-15,月,入院・療養者数,402
2021-03-15,月,入院中の者の数,265
2021-03-15,月,うち確保病床の入院者数,230
2021-03-15,月,宿泊療養中の者の数,90
2021-03-15,月,自宅待機等の者の数,47
2021-03-16,火,陽性者数累計,18551
2021-03-16,火,退院者数累計,17841
2021-03-16,火,死亡者数累計,319
2021-03-16,火,入院・療養者数,391
2021-03-16,火,入院中の者の数,257
2021-03-16,火,うち確保病床の入院者数,224
2021-03-16,火,宿泊療養中の者の数,90
2021-03-16,火,自宅待機等の者の数,44
2021-03-17,水,陽性者数累計,18593
2021-03-17,水,退院者数累計,17863
2021-03-17,水,死亡者数累計,320
2021-03-17,水,入院・療養者数,410
2021-03-17,水,入院中の者の数,273
2021-03-17,水,うち確保病床の入院者数,246
2021-03-17,水,宿泊療養中の者の数,92
2021-03-17,水,自宅待機等の者の数,45
2021-03-18,木,陽性者数累計,18638
2021-03-18,木,退院者数累計,17891
2021-03-18,木,死亡者数累計,322
2021-03-18,木,入院・療養者数,425
2021-03-18,木,入院中の者の数,261
2021-03-18,木,うち確保病床の入院者数,232
2021-03-18,木,宿泊療養中の者の数,108
2021-03-18,木,自宅待機等の者の数,56
2021-03-19,金,陽性者数累計,18678
2021-03-19,金,退院者数累計,17934
2021-03-19,金,死亡者数累計,323
2021-03-19,金,入院・療養者数,421
2021-03-19,金,入院中の者の数,262
2021-03-19,金,うち確保病床の入院者数,239
2021-03-19,金,宿泊療養中の者の数,103
2021-03-19,金,自宅待機等の者の数,56
2021-03-20,土,陽性者数累計,18716
2021-03-20,土,退院者数累計,17972
2021-03-20,土,死亡者数累計,325
2021-03-20,土,入院・療養者数,419
2021-03-20,土,入院中の者の数,264
2021-03-20,土,うち確保病床の入院者数,244
2021-03-20,土,宿泊療養中の者の数,101
2021-03-20,土,自宅待機等の者の数,54
2021-03-21,日,陽性者数累計,18750
2021-03-21,日,退院者数累計,17999
2021-03-21,日,死亡者数累計,325
2021-03-21,日,入院・療養者数,426
2021-03-21,日,入院中の者の数,261
2021-03-21,日,うち確保病床の入院者数,241
2021-03-21,日,宿泊療養中の者の数,110
2021-03-21,日,自宅待機等の者の数,55
2021-03-22,月,陽性者数累計,18765
2021-03-22,月,退院者数累計,18021
2021-03-22,月,死亡者数累計,327
2021-03-22,月,入院・療養者数,417
2021-03-22,月,入院中の者の数,258
2021-03-22,月,うち確保病床の入院者数,241
2021-03-22,月,宿泊療養中の者の数,108
2021-03-22,月,自宅待機等の者の数,51
2021-03-23,火,陽性者数累計,18801
2021-03-23,火,退院者数累計,18070
2021-03-23,火,死亡者数累計,328
2021-03-23,火,入院・療養者数,403
2021-03-23,火,入院中の者の数,250
2021-03-23,火,うち確保病床の入院者数,237
2021-03-23,火,宿泊療養中の者の数,84
2021-03-23,火,自宅待機等の者の数,69
2021-03-24,水,陽性者数累計,18825
2021-03-24,水,退院者数累計,18105
2021-03-24,水,死亡者数累計,328
2021-03-24,水,入院・療養者数,392
2021-03-24,水,入院中の者の数,241
2021-03-24,水,うち確保病床の入院者数,228
2021-03-24,水,宿泊療養中の者の数,102
2021-03-24,水,自宅待機等の者の数,49
2021-03-25,木,陽性者数累計,18853
2021-03-25,木,退院者数累計,18137
2021-03-25,木,死亡者数累計,329
2021-03-25,木,入院・療養者数,387
2021-03-25,木,入院中の者の数,233
2021-03-25,木,うち確保病床の入院者数,221
2021-03-25,木,宿泊療養中の者の数,101
2021-03-25,木,自宅待機等の者の数,53
2021-03-26,金,陽性者数累計,18881
2021-03-26,金,退院者数累計,18174
2021-03-26,金,死亡者数累計,330
2021-03-26,金,入院・療養者数,377
2021-03-26,金,入院中の者の数,223
2021-03-26,金,うち確保病床の入院者数,211
2021-03-26,金,宿泊療養中の者の数,104
2021-03-26,金,自宅待機等の者の数,50
2021-03-27,土,陽性者数累計,18919
2021-03-27,土,退院者数累計,18194
2021-03-27,土,死亡者数累計,331
2021-03-27,土,入院・療養者数,394
2021-03-27,土,入院中の者の数,222
2021-03-27,土,うち確保病床の入院者数,210
2021-03-27,土,宿泊療養中の者の数,114
2021-03-27,土,自宅待機等の者の数,58
2021-03-28,日,陽性者数累計,18942
2021-03-28,日,退院者数累計,18214
2021-03-28,日,死亡者数累計,331
2021-03-28,日,入院・療養者数,397
2021-03-28,日,入院中の者の数,227
2021-03-28,日,うち確保病床の入院者数,214
2021-03-28,日,宿泊療養中の者の数,105
2021-03-28,日,自宅待機等の者の数,65
2021-03-29,月,陽性者数累計,18955
2021-03-29,月,退院者数累計,18255
2021-03-29,月,死亡者数累計,331
2021-03-29,月,入院・療養者数,369
2021-03-29,月,入院中の者の数,224
2021-03-29,月,うち確保病床の入院者数,213
2021-03-29,月,宿泊療養中の者の数,96
2021-03-29,月,自宅待機等の者の数,49
2021-03-30,火,陽性者数累計,18985
2021-03-30,火,退院者数累計,18280
2021-03-30,火,死亡者数累計,332
2021-03-30,火,入院・療養者数,373
2021-03-30,火,入院中の者の数,222
2021-03-30,火,うち確保病床の入院者数,212
2021-03-30,火,宿泊療養中の者の数,90
2021-03-30,火,自宅待機等の者の数,61
2021-03-31,水,陽性者数累計,19014
2021-03-31,水,退院者数累計,18312
2021-03-31,水,死亡者数累計,332
2021-03-31,水,入院・療養者数,370
2021-03-31,水,入院中の者の数,218
2021-03-31,水,うち確保病床の入院者数,208
2021-03-31,水,宿泊療養中の者の数,101
2021-03-31,水,自宅待機等の者の数,51
2021-04-01,木,陽性者数累計,19041
2021-04-01,木,退院者数累計,18358
2021-04-01,木,死亡者数累計,332
2021-04-01,木,入院・療養者数,351
2021-04-01,木,入院中の者の数,199
2021-04-01,木,うち確保病床の入院者数,189
2021-04-01,木,宿泊療養中の者の数,99
2021-04-01,木,自宅待機等の者の数,53
2021-04-02,金,陽性者数累計,19080
2021-04-02,金,退院者数累計,18389
2021-04-02,金,死亡者数累計,333
2021-04-02,金,入院・療養者数,358
2021-04-02,金,入院中の者の数,196
2021-04-02,金,うち確保病床の入院者数,186
2021-04-02,金,宿泊療養中の者の数,110
2021-04-02,金,自宅待機等の者の数,52
2021-04-03,土,陽性者数累計,19119
2021-04-03,土,退院者数累計,18413
2021-04-03,土,死亡者数累計,333
2021-04-03,土,入院・療養者数,373
2021-04-03,土,入院中の者の数,203
2021-04-03,土,うち確保病床の入院者数,192
2021-04-03,土,宿泊療養中の者の数,115
2021-04-03,土,自宅待機等の者の数,55
2021-04-04,日,陽性者数累計,19146
2021-04-04,日,退院者数累計,18429
2021-04-04,日,死亡者数累計,333
2021-04-04,日,入院・療養者数,384
2021-04-04,日,入院中の者の数,207
2021-04-04,日,うち確保病床の入院者数,196
2021-04-04,日,宿泊療養中の者の数,119
2021-04-04,日,自宅待機等の者の数,58
2021-04-05,月,陽性者数累計,19160
2021-04-05,月,退院者数累計,18465
2021-04-05,月,死亡者数累計,333
2021-04-05,月,入院・療養者数,362
2021-04-05,月,入院中の者の数,193
2021-04-05,月,うち確保病床の入院者数,183
2021-04-05,月,宿泊療養中の者の数,114
2021-04-05,月,自宅待機等の者の数,55
2021-04-06,火,陽性者数累計,19211
2021-04-06,火,退院者数累計,18485
2021-04-06,火,死亡者数累計,333
2021-04-06,火,入院・療養者数,393
2021-04-06,火,入院中の者の数,193
2021-04-06,火,うち確保病床の入院者数,183
2021-04-06,火,宿泊療養中の者の数,128
2021-04-06,火,自宅待機等の者の数,72
2021-04-07,水,陽性者数累計,19253
2021-04-07,水,退院者数累計,18523
2021-04-07,水,死亡者数累計,334
2021-04-07,水,入院・療養者数,396
2021-04-07,水,入院中の者の数,178
2021-04-07,水,うち確保病床の入院者数,169
2021-04-07,水,宿泊療養中の者の数,147
2021-04-07,水,自宅待機等の者の数,71
2021-04-08,木,陽性者数累計,19300
2021-04-08,木,退院者数累計,18550
2021-04-08,木,死亡者数累計,334
2021-04-08,木,入院・療養者数,416
2021-04-08,木,入院中の者の数,172
2021-04-08,木,うち確保病床の入院者数,166
2021-04-08,木,宿泊療養中の者の数,158
2021-04-08,木,自宅待機等の者の数,86
2021-04-09,金,陽性者数累計,19354
2021-04-09,金,退院者数累計,18580
2021-04-09,金,死亡者数累計,334
2021-04-09,金,入院・療養者数,440
2021-04-09,金,入院中の者の数,175
2021-04-09,金,うち確保病床の入院者数,166
2021-04-09,金,宿泊療養中の者の数,183
2021-04-09,金,自宅待機等の者の数,82
2021-04-10,土,陽性者数累計,19435
2021-04-10,土,退院者数累計,18614
2021-04-10,土,死亡者数累計,334
2021-04-10,土,入院・療養者数,487
2021-04-10,土,入院中の者の数,182
2021-04-10,土,うち確保病床の入院者数,173
2021-04-10,土,宿泊療養中の者の数,192
2021-04-10,土,自宅待機等の者の数,113
2021-04-11,日,陽性者数累計,19487
2021-04-11,日,退院者数累計,18638
2021-04-11,日,死亡者数累計,336
2021-04-11,日,入院・療養者数,513
2021-04-11,日,入院中の者の数,189
2021-04-11,日,うち確保病床の入院者数,180
2021-04-11,日,宿泊療養中の者の数,216
2021-04-11,日,自宅待機等の者の数,108
2021-04-12,月,陽性者数累計,19521
2021-04-12,月,退院者数累計,18677
2021-04-12,月,死亡者数累計,341
2021-04-12,月,入院・療養者数,503
2021-04-12,月,入院中の者の数,187
2021-04-12,月,うち確保病床の入院者数,178
2021-04-12,月,宿泊療養中の者の数,205
2021-04-12,月,自宅待機等の者の数,110
2021-04-13,火,陽性者数累計,19592
2021-04-13,火,退院者数累計,18725
2021-04-13,火,死亡者数累計,341
2021-04-13,火,入院・療養者数,526
2021-04-13,火,入院中の者の数,185
2021-04-13,火,うち確保病床の入院者数,177
2021-04-13,火,宿泊療養中の者の数,207
2021-04-13,火,自宅待機等の者の数,134
2021-04-14,水,陽性者数累計,19748
2021-04-14,水,退院者数累計,18759
2021-04-14,水,死亡者数累計,341
2021-04-14,水,入院・療養者数,648
2021-04-14,水,入院中の者の数,193
2021-04-14,水,うち確保病床の入院者数,183
2021-04-14,水,宿泊療養中の者の数,272
2021-04-14,水,自宅待機等の者の数,183
2021-04-15,木,陽性者数累計,19857
2021-04-15,木,退院者数累計,18793
2021-04-15,木,死亡者数累計,343
2021-04-15,木,入院・療養者数,721
2021-04-15,木,入院中の者の数,203
2021-04-15,木,うち確保病床の入院者数,196
2021-04-15,木,宿泊療養中の者の数,299
2021-04-15,木,自宅待機等の者の数,219
2021-04-16,金,陽性者数累計,19995
2021-04-16,金,退院者数累計,18840
2021-04-16,金,死亡者数累計,343
2021-04-16,金,入院・療養者数,812
2021-04-16,金,入院中の者の数,209
2021-04-16,金,うち確保病床の入院者数,205
2021-04-16,金,宿泊療養中の者の数,350
2021-04-16,金,自宅待機等の者の数,253
2021-04-17,土,陽性者数累計,20132
2021-04-17,土,退院者数累計,18885
2021-04-17,土,死亡者数累計,344
2021-04-17,土,入院・療養者数,903
2021-04-17,土,入院中の者の数,226
2021-04-17,土,うち確保病床の入院者数,222
2021-04-17,土,宿泊療養中の者の数,401
2021-04-17,土,自宅待機等の者の数,276
2021-04-18,日,陽性者数累計,20242
2021-04-18,日,退院者数累計,18942
2021-04-18,日,死亡者数累計,344
2021-04-18,日,入院・療養者数,956
2021-04-18,日,入院中の者の数,261
2021-04-18,日,うち確保病床の入院者数,257
2021-04-18,日,宿泊療養中の者の数,435
2021-04-18,日,自宅待機等の者の数,260
2021-04-19,月,陽性者数累計,20359
2021-04-19,月,退院者数累計,19003
2021-04-19,月,死亡者数累計,344
2021-04-19,月,入院・療養者数,1012
2021-04-19,月,入院中の者の数,264
2021-04-19,月,うち確保病床の入院者数,260
2021-04-19,月,宿泊療養中の者の数,462
2021-04-19,月,自宅待機等の者の数,286
2021-04-20,火,陽性者数累計,20509
2021-04-20,火,退院者数累計,19061
2021-04-20,火,死亡者数累計,345
2021-04-20,火,入院・療養者数,1103
2021-04-20,火,入院中の者の数,274
2021-04-20,火,うち確保病床の入院者数,260
2021-04-20,火,宿泊療養中の者の数,475
2021-04-20,火,自宅待機等の者の数,354
2021-04-21,水,陽性者数累計,20753
2021-04-21,水,退院者数累計,19121
2021-04-21,水,死亡者数累計,345
2021-04-21,水,入院・療養者数,1287
2021-04-21,水,入院中の者の数,300
2021-04-21,水,うち確保病床の入院者数,273
2021-04-21,水,宿泊療養中の者の数,550
2021-04-21,水,自宅待機等の者の数,437
2021-04-22,木,陽性者数累計,21021
2021-04-22,木,退院者数累計,19168
2021-04-22,木,死亡者数累計,345
2021-04-22,木,入院・療養者数,1508
2021-04-22,木,入院中の者の数,295
2021-04-22,木,うち確保病床の入院者数,268
2021-04-22,木,宿泊療養中の者の数,617
2021-04-22,木,自宅待機等の者の数,596
2021-04-23,金,陽性者数累計,21260
2021-04-23,金,退院者数累計,19237
2021-04-23,金,死亡者数累計,345
2021-04-23,金,入院・療養者数,1678
2021-04-23,金,入院中の者の数,321
2021-04-23,金,うち確保病床の入院者数,288
2021-04-23,金,宿泊療養中の者の数,652
2021-04-23,金,自宅待機等の者の数,705
2021-04-24,土,陽性者数累計,21581
2021-04-24,土,退院者数累計,19360
2021-04-24,土,死亡者数累計,346
2021-04-24,土,入院・療養者数,1875
2021-04-24,土,入院中の者の数,335
2021-04-24,土,うち確保病床の入院者数,303
2021-04-24,土,宿泊療養中の者の数,692
2021-04-24,土,自宅待機等の者の数,848
2021-04-25,日,陽性者数累計,21915
2021-04-25,日,退院者数累計,19431
2021-04-25,日,死亡者数累計,346
2021-04-25,日,入院・療養者数,2138
2021-04-25,日,入院中の者の数,408
2021-04-25,日,うち確保病床の入院者数,356
2021-04-25,日,宿泊療養中の者の数,736
2021-04-25,日,自宅待機等の者の数,994
2021-04-26,月,陽性者数累計,22069
2021-04-26,月,退院者数累計,19523
2021-04-26,月,死亡者数累計,348
2021-04-26,月,入院・療養者数,2198
2021-04-26,月,入院中の者の数,418
2021-04-26,月,うち確保病床の入院者数,365
2021-04-26,月,宿泊療養中の者の数,770
2021-04-26,月,自宅待機等の者の数,1010
2021-04-27,火,陽性者数累計,22345
2021-04-27,火,退院者数累計,19612
2021-04-27,火,死亡者数累計,348
2021-04-27,火,入院・療養者数,2385
2021-04-27,火,入院中の者の数,454
2021-04-27,火,うち確保病床の入院者数,399
2021-04-27,火,宿泊療養中の者の数,789
2021-04-27,火,自宅待機等の者の数,1142
2021-04-28,水,陽性者数累計,22784
2021-04-28,水,退院者数累計,19712
2021-04-28,水,死亡者数累計,349
2021-04-28,水,入院・療養者数,2723
2021-04-28,水,入院中の者の数,483
2021-04-28,水,うち確保病床の入院者数,426
2021-04-28,水,宿泊療養中の者の数,828
2021-04-28,水,自宅待機等の者の数,1412
2021-04-29,木,陽性者数累計,23121
2021-04-29,木,退院者数累計,19823
2021-04-29,木,死亡者数累計,350
2021-04-29,木,入院・療養者数,2948
2021-04-29,木,入院中の者の数,509
2021-04-29,木,うち確保病床の入院者数,447
2021-04-29,木,宿泊療養中の者の数,841
2021-04-29,木,自宅待機等の者の数,1598
2021-04-30,金,陽性者数累計,23426
2021-04-30,金,退院者数累計,20087
2021-04-30,金,死亡者数累計,352
2021-04-30,金,入院・療養者数,2987
2021-04-30,金,入院中の者の数,524
2021-04-30,金,うち確保病床の入院者数,455
2021-04-30,金,宿泊療養中の者の数,820
2021-04-30,金,自宅待機等の者の数,1643
2021-05-01,土,陽性者数累計,23778
2021-05-01,土,退院者数累計,20301
2021-05-01,土,死亡者数累計,354
2021-05-01,土,入院・療養者数,3123
2021-05-01,土,入院中の者の数,547
2021-05-01,土,うち確保病床の入院者数,474
2021-05-01,土,宿泊療養中の者の数,825
2021-05-01,土,自宅待機等の者の数,1751
2021-05-02,日,陽性者数累計,24194
2021-05-02,日,退院者数累計,20512
2021-05-02,日,死亡者数累計,358
2021-05-02,日,入院・療養者数,3324
2021-05-02,日,入院中の者の数,590
2021-05-02,日,うち確保病床の入院者数,517
2021-05-02,日,宿泊療養中の者の数,837
2021-05-02,日,自宅待機等の者の数,1897
2021-05-03,月,陽性者数累計,24479
2021-05-03,月,退院者数累計,20702
2021-05-03,月,死亡者数累計,361
2021-05-03,月,入院・療養者数,3416
2021-05-03,月,入院中の者の数,620
2021-05-03,月,うち確保病床の入院者数,548
2021-05-03,月,宿泊療養中の者の数,806
2021-05-03,月,自宅待機等の者の数,1990
2021-05-04,火,陽性者数累計,24718
2021-05-04,火,退院者数累計,20903
2021-05-04,火,死亡者数累計,361
2021-05-04,火,入院・療養者数,3454
2021-05-04,火,入院中の者の数,664
2021-05-04,火,うち確保病床の入院者数,585
2021-05-04,火,宿泊療養中の者の数,774
2021-05-04,火,自宅待機等の者の数,2016
2021-05-05,水,陽性者数累計,25055
2021-05-05,水,退院者数累計,21089
2021-05-05,水,死亡者数累計,361
2021-05-05,水,入院・療養者数,3605
2021-05-05,水,入院中の者の数,676
2021-05-05,水,うち確保病床の入院者数,595
2021-05-05,水,宿泊療養中の者の数,796
2021-05-05,水,自宅待機等の者の数,2133
2021-05-06,木,陽性者数累計,25314
2021-05-06,木,退院者数累計,21304
2021-05-06,木,死亡者数累計,364
2021-05-06,木,入院・療養者数,3646
2021-05-06,木,入院中の者の数,686
2021-05-06,木,うち確保病床の入院者数,603
2021-05-06,木,宿泊療養中の者の数,784
2021-05-06,木,自宅待機等の者の数,2176
2021-05-07,金,陽性者数累計,25786
2021-05-07,金,退院者数累計,21583
2021-05-07,金,死亡者数累計,368
2021-05-07,金,入院・療養者数,3835
2021-05-07,金,入院中の者の数,726
2021-05-07,金,うち確保病床の入院者数,643
2021-05-07,金,宿泊療養中の者の数,795
2021-05-07,金,自宅待機等の者の数,2314
2021-05-08,土,陽性者数累計,26304
2021-05-08,土,退院者数累計,21864
2021-05-08,土,死亡者数累計,369
2021-05-08,土,入院・療養者数,4071
2021-05-08,土,入院中の者の数,751
2021-05-08,土,うち確保病床の入院者数,661
2021-05-08,土,宿泊療養中の者の数,812
2021-05-08,土,自宅待機等の者の数,2508
2021-05-09,日,陽性者数累計,26832
2021-05-09,日,退院者数累計,22080
2021-05-09,日,死亡者数累計,372
2021-05-09,日,入院・療養者数,4381
2021-05-09,日,入院中の者の数,787
2021-05-09,日,うち確保病床の入院者数,697
2021-05-09,日,宿泊療養中の者の数,868
2021-05-09,日,自宅待機等の者の数,2726
2021-05-10,月,陽性者数累計,27204
2021-05-10,月,退院者数累計,22314
2021-05-10,月,死亡者数累計,373
2021-05-10,月,入院・療養者数,4517
2021-05-10,月,入院中の者の数,795
2021-05-10,月,うち確保病床の入院者数,709
2021-05-10,月,宿泊療養中の者の数,897
2021-05-10,月,自宅待機等の者の数,2825
2021-05-11,火,陽性者数累計,27608
2021-05-11,火,退院者数累計,22647
2021-05-11,火,死亡者数累計,374
2021-05-11,火,入院・療養者数,4587
2021-05-11,火,入院中の者の数,832
2021-05-11,火,うち確保病床の入院者数,742
2021-05-11,火,宿泊療養中の者の数,926
2021-05-11,火,自宅待機等の者の数,2829
2021-05-12,水,陽性者数累計,28243
2021-05-12,水,退院者数累計,22845
2021-05-12,水,死亡者数累計,376
2021-05-12,水,入院・療養者数,5022
2021-05-12,水,入院中の者の数,862
2021-05-12,水,うち確保病床の入院者数,773
2021-05-12,水,宿泊療養中の者の数,935
2021-05-12,水,自宅待機等の者の数,3225
2021-05-13,木,陽性者数累計,28744
2021-05-13,木,退院者数累計,23061
2021-05-13,木,死亡者数累計,380
2021-05-13,木,入院・療養者数,5303
2021-05-13,木,入院中の者の数,889
2021-05-13,木,うち確保病床の入院者数,800
2021-05-13,木,宿泊療養中の者の数,936
2021-05-13,木,自宅待機等の者の数,3478
2021-05-14,金,陽性者数累計,29216
2021-05-14,金,退院者数累計,23363
2021-05-14,金,死亡者数累計,384
2021-05-14,金,入院・療養者数,5469
2021-05-14,金,入院中の者の数,899
2021-05-14,金,うち確保病床の入院者数,830
2021-05-14,金,宿泊療養中の者の数,941
2021-05-14,金,自宅待機等の者の数,3629
2021-05-15,土,陽性者数累計,29737
2021-05-15,土,退院者数累計,23557
2021-05-15,土,死亡者数累計,390
2021-05-15,土,入院・療養者数,5790
2021-05-15,土,入院中の者の数,909
2021-05-15,土,うち確保病床の入院者数,841
2021-05-15,土,宿泊療養中の者の数,938
2021-05-15,土,自宅待機等の者の数,3943
2021-05-16,日,陽性者数累計,30242
2021-05-16,日,退院者数累計,23746
2021-05-16,日,死亡者数累計,391
2021-05-16,日,入院・療養者数,6105
2021-05-16,日,入院中の者の数,930
2021-05-16,日,うち確保病床の入院者数,862
2021-05-16,日,宿泊療養中の者の数,948
2021-05-16,日,自宅待機等の者の数,4227
2021-05-17,月,陽性者数累計,30523
2021-05-17,月,退院者数累計,24187
2021-05-17,月,死亡者数累計,395
2021-05-17,月,入院・療養者数,5941
2021-05-17,月,入院中の者の数,959
2021-05-17,月,うち確保病床の入院者数,887
2021-05-17,月,宿泊療養中の者の数,936
2021-05-17,月,自宅待機等の者の数,4046
2021-05-18,火,陽性者数累計,30868
2021-05-18,火,退院者数累計,24637
2021-05-18,火,死亡者数累計,396
2021-05-18,火,入院・療養者数,5835
2021-05-18,火,入院中の者の数,990
2021-05-18,火,うち確保病床の入院者数,918
2021-05-18,火,宿泊療養中の者の数,927
2021-05-18,火,自宅待機等の者の数,3918
2021-05-19,水,陽性者数累計,31368
2021-05-19,水,退院者数累計,24980
2021-05-19,水,死亡者数累計,400
2021-05-19,水,入院・療養者数,5988
2021-05-19,水,入院中の者の数,1008
2021-05-19,水,うち確保病床の入院者数,935
2021-05-19,水,宿泊療養中の者の数,972
2021-05-19,水,自宅待機等の者の数,4008
2021-05-20,木,陽性者数累計,31766
2021-05-20,木,退院者数累計,25579
2021-05-20,木,死亡者数累計,404
2021-05-20,木,入院・療養者数,5783
2021-05-20,木,入院中の者の数,1029
2021-05-20,木,うち確保病床の入院者数,965
2021-05-20,木,宿泊療養中の者の数,995
2021-05-20,木,自宅待機等の者の数,3759
2021-05-21,金,陽性者数累計,32153
2021-05-21,金,退院者数累計,26389
2021-05-21,金,死亡者数累計,407
2021-05-21,金,入院・療養者数,5355
2021-05-21,金,入院中の者の数,1015
2021-05-21,金,うち確保病床の入院者数,951
2021-05-21,金,宿泊療養中の者の数,998
2021-05-21,金,自宅待機等の者の数,3342
2021-05-22,土,陽性者数累計,32461
2021-05-22,土,退院者数累計,26695
2021-05-22,土,死亡者数累計,413
2021-05-22,土,入院・療養者数,5353
2021-05-22,土,入院中の者の数,1057
2021-05-22,土,うち確保病床の入院者数,977
2021-05-22,土,宿泊療養中の者の数,992
2021-05-22,土,自宅待機等の者の数,3304
2021-05-23,日,陽性者数累計,32722
2021-05-23,日,退院者数累計,27057
2021-05-23,日,死亡者数累計,416
2021-05-23,日,入院・療養者数,5249
2021-05-23,日,入院中の者の数,1068
2021-05-23,日,うち確保病床の入院者数,989
2021-05-23,日,宿泊療養中の者の数,998
2021-05-23,日,自宅待機等の者の数,3183
2021-05-24,月,陽性者数累計,32917
2021-05-24,月,退院者数累計,27408
2021-05-24,月,死亡者数累計,422
2021-05-24,月,入院・療養者数,5087
2021-05-24,月,入院中の者の数,1034
2021-05-24,月,うち確保病床の入院者数,966
2021-05-24,月,宿泊療養中の者の数,970
2021-05-24,月,自宅待機等の者の数,3083
2021-05-25,火,陽性者数累計,33116
2021-05-25,火,退院者数累計,27915
2021-05-25,火,死亡者数累計,427
2021-05-25,火,入院・療養者数,4774
2021-05-25,火,入院中の者の数,1014
2021-05-25,火,うち確保病床の入院者数,948
2021-05-25,火,宿泊療養中の者の数,902
2021-05-25,火,自宅待機等の者の数,2858
2021-05-26,水,陽性者数累計,33327
2021-05-26,水,退院者数累計,28326
2021-05-26,水,死亡者数累計,429
2021-05-26,水,入院・療養者数,4572
2021-05-26,水,入院中の者の数,970
2021-05-26,水,うち確保病床の入院者数,911
2021-05-26,水,宿泊療養中の者の数,876
2021-05-26,水,自宅待機等の者の数,2726
2021-05-27,木,陽性者数累計,33505
2021-05-27,木,退院者数累計,28709
2021-05-27,木,死亡者数累計,435
2021-05-27,木,入院・療養者数,4361
2021-05-27,木,入院中の者の数,946
2021-05-27,木,うち確保病床の入院者数,882
2021-05-27,木,宿泊療養中の者の数,838
2021-05-27,木,自宅待機等の者の数,2577
2021-05-28,金,陽性者数累計,33697
2021-05-28,金,退院者数累計,29067
2021-05-28,金,死亡者数累計,440
2021-05-28,金,入院・療養者数,4190
2021-05-28,金,入院中の者の数,974
2021-05-28,金,うち確保病床の入院者数,905
2021-05-28,金,宿泊療養中の者の数,775
2021-05-28,金,自宅待機等の者の数,2441
2021-05-29,土,陽性者数累計,33886
2021-05-29,土,退院者数累計,29357
2021-05-29,土,死亡者数累計,448
2021-05-29,土,入院・療養者数,4081
2021-05-29,土,入院中の者の数,966
2021-05-29,土,うち確保病床の入院者数,897
2021-05-29,土,宿泊療養中の者の数,734
2021-05-29,土,自宅待機等の者の数,2381
2021-05-30,日,陽性者数累計,34038
2021-05-30,日,退院者数累計,29587
2021-05-30,日,死亡者数累計,449
2021-05-30,日,入院・療養者数,4002
2021-05-30,日,入院中の者の数,967
2021-05-30,日,うち確保病床の入院者数,903
2021-05-30,日,宿泊療養中の者の数,698
2021-05-30,日,自宅待機等の者の数,2337
2021-05-31,月,陽性者数累計,34104
2021-05-31,月,退院者数累計,29801
2021-05-31,月,死亡者数累計,457
2021-05-31,月,入院・療養者数,3846
2021-05-31,月,入院中の者の数,986
2021-05-31,月,うち確保病床の入院者数,925
2021-05-31,月,宿泊療養中の者の数,638
2021-05-31,月,自宅待機等の者の数,2222
2021-06-01,火,陽性者数累計,34185
2021-06-01,火,退院者数累計,30215
2021-06-01,火,死亡者数累計,461
2021-06-01,火,入院・療養者数,3509
2021-06-01,火,入院中の者の数,966
2021-06-01,火,うち確保病床の入院者数,905
2021-06-01,火,宿泊療養中の者の数,579
2021-06-01,火,自宅待機等の者の数,1964
2021-06-02,水,陽性者数累計,34300
2021-06-02,水,退院者数累計,30499
2021-06-02,水,死亡者数累計,465
2021-06-02,水,入院・療養者数,3336
2021-06-02,水,入院中の者の数,940
2021-06-02,水,うち確保病床の入院者数,879
2021-06-02,水,宿泊療養中の者の数,523
2021-06-02,水,自宅待機等の者の数,1872
2021-06-03,木,陽性者数累計,34401
2021-06-03,木,退院者数累計,30830
2021-06-03,木,死亡者数累計,469
2021-06-03,木,入院・療養者数,3102
2021-06-03,木,入院中の者の数,893
2021-06-03,木,うち確保病床の入院者数,836
2021-06-03,木,宿泊療養中の者の数,447
2021-06-03,木,自宅待機等の者の数,1762
2021-06-04,金,陽性者数累計,34480
2021-06-04,金,退院者数累計,31086
2021-06-04,金,死亡者数累計,476
2021-06-04,金,入院・療養者数,2918
2021-06-04,金,入院中の者の数,869
2021-06-04,金,うち確保病床の入院者数,825
2021-06-04,金,宿泊療養中の者の数,402
2021-06-04,金,自宅待機等の者の数,1647
2021-06-05,土,陽性者数累計,34564
2021-06-05,土,退院者数累計,31233
2021-06-05,土,死亡者数累計,478
2021-06-05,土,入院・療養者数,2853
2021-06-05,土,入院中の者の数,851
2021-06-05,土,うち確保病床の入院者数,805
2021-06-05,土,宿泊療養中の者の数,347
2021-06-05,土,自宅待機等の者の数,1655
2021-06-06,日,陽性者数累計,34643
2021-06-06,日,退院者数累計,31362
2021-06-06,日,死亡者数累計,479
2021-06-06,日,入院・療養者数,2802
2021-06-06,日,入院中の者の数,855
2021-06-06,日,うち確保病床の入院者数,809
2021-06-06,日,宿泊療養中の者の数,328
2021-06-06,日,自宅待機等の者の数,1619
2021-06-07,月,陽性者数累計,34670
2021-06-07,月,退院者数累計,31609
2021-06-07,月,死亡者数累計,482
2021-06-07,月,入院・療養者数,2579
2021-06-07,月,入院中の者の数,832
2021-06-07,月,うち確保病床の入院者数,786
2021-06-07,月,宿泊療養中の者の数,293
2021-06-07,月,自宅待機等の者の数,1454
2021-06-08,火,陽性者数累計,34727
2021-06-08,火,退院者数累計,32132
2021-06-08,火,死亡者数累計,484
2021-06-08,火,入院・療養者数,2111
2021-06-08,火,入院中の者の数,799
2021-06-08,火,うち確保病床の入院者数,753
2021-06-08,火,宿泊療養中の者の数,255
2021-06-08,火,自宅待機等の者の数,1057
2021-06-09,水,陽性者数累計,34791
2021-06-09,水,退院者数累計,32295
2021-06-09,水,死亡者数累計,487
2021-06-09,水,入院・療養者数,2009
2021-06-09,水,入院中の者の数,761
2021-06-09,水,うち確保病床の入院者数,717
2021-06-09,水,宿泊療養中の者の数,236
2021-06-09,水,自宅待機等の者の数,1012
2021-06-10,木,陽性者数累計,34832
2021-06-10,木,退院者数累計,32438
2021-06-10,木,死亡者数累計,488
2021-06-10,木,入院・療養者数,1906
2021-06-10,木,入院中の者の数,705
2021-06-10,木,うち確保病床の入院者数,662
2021-06-10,木,宿泊療養中の者の数,225
2021-06-10,木,自宅待機等の者の数,976
2021-06-11,金,陽性者数累計,34890
2021-06-11,金,退院者数累計,32584
2021-06-11,金,死亡者数累計,488
2021-06-11,金,入院・療養者数,1818
2021-06-11,金,入院中の者の数,648
2021-06-11,金,うち確保病床の入院者数,605
2021-06-11,金,宿泊療養中の者の数,205
2021-06-11,金,自宅待機等の者の数,965
2021-06-12,土,陽性者数累計,34937
2021-06-12,土,退院者数累計,32709
2021-06-12,土,死亡者数累計,490
2021-06-12,土,入院・療養者数,1738
2021-06-12,土,入院中の者の数,637
2021-06-12,土,うち確保病床の入院者数,585
2021-06-12,土,宿泊療養中の者の数,181
2021-06-12,土,自宅待機等の者の数,920
2021-06-13,日,陽性者数累計,34974
2021-06-13,日,退院者数累計,32825
2021-06-13,日,死亡者数累計,491
2021-06-13,日,入院・療養者数,1658
2021-06-13,日,入院中の者の数,603
2021-06-13,日,うち確保病床の入院者数,551
2021-06-13,日,宿泊療養中の者の数,167
2021-06-13,日,自宅待機等の者の数,888
2021-06-14,月,陽性者数累計,34996
2021-06-14,月,退院者数累計,32978
2021-06-14,月,死亡者数累計,491
2021-06-14,月,入院・療養者数,1527
2021-06-14,月,入院中の者の数,553
2021-06-14,月,うち確保病床の入院者数,501
2021-06-14,月,宿泊療養中の者の数,147
2021-06-14,月,自宅待機等の者の数,827
2021-06-15,火,陽性者数累計,35031
2021-06-15,火,退院者数累計,33203
2021-06-15,火,死亡者数累計,494
2021-06-15,火,入院・療養者数,1334
2021-06-15,火,入院中の者の数,489
2021-06-15,火,うち確保病床の入院者数,437
2021-06-15,火,宿泊療養中の者の数,134
2021-06-15,火,自宅待機等の者の数,711
2021-06-16,水,陽性者数累計,35071
2021-06-16,水,退院者数累計,33475
2021-06-16,水,死亡者数累計,500
2021-06-16,水,入院・療養者数,1096
2021-06-16,水,入院中の者の数,438
2021-06-16,水,うち確保病床の入院者数,418
2021-06-16,水,宿泊療養中の者の数,137
2021-06-16,水,自宅待機等の者の数,521
2021-06-17,木,陽性者数累計,35112
2021-06-17,木,退院者数累計,33647
2021-06-17,木,死亡者数累計,507
2021-06-17,木,入院・療養者数,958
2021-06-17,木,入院中の者の数,403
2021-06-17,木,うち確保病床の入院者数,391
2021-06-17,木,宿泊療養中の者の数,131
2021-06-17,木,自宅待機等の者の数,424
2021-06-18,金,陽性者数累計,35138
2021-06-18,金,退院者数累計,33749
2021-06-18,金,死亡者数累計,510
2021-06-18,金,入院・療養者数,879
2021-06-18,金,入院中の者の数,364
2021-06-18,金,うち確保病床の入院者数,354
2021-06-18,金,宿泊療養中の者の数,130
2021-06-18,金,自宅待機等の者の数,385
2021-06-19,土,陽性者数累計,35185
2021-06-19,土,退院者数累計,33773
2021-06-19,土,死亡者数累計,510
2021-06-19,土,入院・療養者数,902
2021-06-19,土,入院中の者の数,362
2021-06-19,土,うち確保病床の入院者数,352
2021-06-19,土,宿泊療養中の者の数,118
2021-06-19,土,自宅待機等の者の数,422
2021-06-20,日,陽性者数累計,35221
2021-06-20,日,退院者数累計,33825
2021-06-20,日,死亡者数累計,512
2021-06-20,日,入院・療養者数,884
2021-06-20,日,入院中の者の数,351
2021-06-20,日,うち確保病床の入院者数,339
2021-06-20,日,宿泊療養中の者の数,115
2021-06-20,日,自宅待機等の者の数,418
2021-06-21,月,陽性者数累計,35238
2021-06-21,月,退院者数累計,33910
2021-06-21,月,死亡者数累計,512
2021-06-21,月,入院・療養者数,816
2021-06-21,月,入院中の者の数,305
2021-06-21,月,うち確保病床の入院者数,297
2021-06-21,月,宿泊療養中の者の数,112
2021-06-21,月,自宅待機等の者の数,399
2021-06-22,火,陽性者数累計,35274
2021-06-22,火,退院者数累計,33997
2021-06-22,火,死亡者数累計,513
2021-06-22,火,入院・療養者数,764
2021-06-22,火,入院中の者の数,281
2021-06-22,火,うち確保病床の入院者数,274
2021-06-22,火,宿泊療養中の者の数,95
2021-06-22,火,自宅待機等の者の数,388
2021-06-23,水,陽性者数累計,35306
2021-06-23,水,退院者数累計,34082
2021-06-23,水,死亡者数累計,516
2021-06-23,水,入院・療養者数,708
2021-06-23,水,入院中の者の数,261
2021-06-23,水,うち確保病床の入院者数,253
2021-06-23,水,宿泊療養中の者の数,101
2021-06-23,水,自宅待機等の者の数,346
2021-06-24,木,陽性者数累計,35342
2021-06-24,木,退院者数累計,34238
2021-06-24,木,死亡者数累計,516
2021-06-24,木,入院・療養者数,588
2021-06-24,木,入院中の者の数,243
2021-06-24,木,うち確保病床の入院者数,235
2021-06-24,木,宿泊療養中の者の数,104
2021-06-24,木,自宅待機等の者の数,241
2021-06-25,金,陽性者数累計,35376
2021-06-25,金,退院者数累計,34344
2021-06-25,金,死亡者数累計,518
2021-06-25,金,入院・療養者数,514
2021-06-25,金,入院中の者の数,233
2021-06-25,金,うち確保病床の入院者数,226
2021-06-25,金,宿泊療養中の者の数,104
2021-06-25,金,自宅待機等の者の数,177
2021-06-26,土,陽性者数累計,35414
2021-06-26,土,退院者数累計,34386
2021-06-26,土,死亡者数累計,519
2021-06-26,土,入院・療養者数,509
2021-06-26,土,入院中の者の数,231
2021-06-26,土,うち確保病床の入院者数,224
2021-06-26,土,宿泊療養中の者の数,102
2021-06-26,土,自宅待機等の者の数,176
2021-06-27,日,陽性者数累計,35439
2021-06-27,日,退院者数累計,34429
2021-06-27,日,死亡者数累計,519
2021-06-27,日,入院・療養者数,491
2021-06-27,日,入院中の者の数,222
2021-06-27,日,うち確保病床の入院者数,215
2021-06-27,日,宿泊療養中の者の数,105
2021-06-27,日,自宅待機等の者の数,164
2021-06-28,月,陽性者数累計,35456
2021-06-28,月,退院者数累計,34496
2021-06-28,月,死亡者数累計,520
2021-06-28,月,入院・療養者数,440
2021-06-28,月,入院中の者の数,203
2021-06-28,月,うち確保病床の入院者数,196
2021-06-28,月,宿泊療養中の者の数,110
2021-06-28,月,自宅待機等の者の数,127
2021-06-29,火,陽性者数累計,35482
2021-06-29,火,退院者数累計,34563
2021-06-29,火,死亡者数累計,520
2021-06-29,火,入院・療養者数,399
2021-06-29,火,入院中の者の数,189
2021-06-29,火,うち確保病床の入院者数,187
2021-06-29,火,宿泊療養中の者の数,106
2021-06-29,火,自宅待機等の者の数,104
2021-06-30,水,陽性者数累計,35525
2021-06-30,水,退院者数累計,34616
2021-06-30,水,死亡者数累計,520
2021-06-30,水,入院・療養者数,389
2021-06-30,水,入院中の者の数,177
2021-06-30,水,うち確保病床の入院者数,176
2021-06-30,水,宿泊療養中の者の数,109
2021-06-30,水,自宅待機等の者の数,103
2021-07-01,木,陽性者数累計,35551
2021-07-01,木,退院者数累計,34663
2021-07-01,木,死亡者数累計,520
2021-07-01,木,入院・療養者数,368
2021-07-01,木,入院中の者の数,166
2021-07-01,木,うち確保病床の入院者数,166
2021-07-01,木,宿泊療養中の者の数,102
2021-07-01,木,自宅待機等の者の数,100
2021-07-02,金,陽性者数累計,35575
2021-07-02,金,退院者数累計,34694
2021-07-02,金,死亡者数累計,521
2021-07-02,金,入院・療養者数,360
2021-07-02,金,入院中の者の数,158
2021-07-02,金,うち確保病床の入院者数,158
2021-07-02,金,宿泊療養中の者の数,108
2021-07-02,金,自宅待機等の者の数,94
2021-07-03,土,陽性者数累計,35611
2021-07-03,土,退院者数累計,34732
2021-07-03,土,死亡者数累計,522
2021-07-03,土,入院・療養者数,357
2021-07-03,土,入院中の者の数,143
2021-07-03,土,うち確保病床の入院者数,143
2021-07-03,土,宿泊療養中の者の数,115
2021-07-03,土,自宅待機等の者の数,99
2021-07-04,日,陽性者数累計,35639
2021-07-04,日,退院者数累計,34760
2021-07-04,日,死亡者数累計,522
2021-07-04,日,入院・療養者数,357
2021-07-04,日,入院中の者の数,144
2021-07-04,日,うち確保病床の入院者数,144
2021-07-04,日,宿泊療養中の者の数,121
2021-07-04,日,自宅待機等の者の数,92
2021-07-05,月,陽性者数累計,35655
2021-07-05,月,退院者数累計,34800
2021-07-05,月,死亡者数累計,523
2021-07-05,月,入院・療養者数,332
2021-07-05,月,入院中の者の数,136
2021-07-05,月,うち確保病床の入院者数,136
2021-07-05,月,宿泊療養中の者の数,124
2021-07-05,月,自宅待機等の者の数,72
2021-07-06,火,陽性者数累計,35697
2021-07-06,火,退院者数累計,34829
2021-07-06,火,死亡者数累計,523
2021-07-06,火,入院・療養者数,345
2021-07-06,火,入院中の者の数,137
2021-07-06,火,うち確保病床の入院者数,137
2021-07-06,火,宿泊療養中の者の数,122
2021-07-06,火,自宅待機等の者の数,86
2021-07-07,水,陽性者数累計,35740
2021-07-07,水,退院者数累計,34863
2021-07-07,水,死亡者数累計,523
2021-07-07,水,入院・療養者数,354
2021-07-07,水,入院中の者の数,137
2021-07-07,水,うち確保病床の入院者数,137
2021-07-07,水,宿泊療養中の者の数,131
2021-07-07,水,自宅待機等の者の数,86
2021-07-08,木,陽性者数累計,35781
2021-07-08,木,退院者数累計,34893
2021-07-08,木,死亡者数累計,523
2021-07-08,木,入院・療養者数,365
2021-07-08,木,入院中の者の数,131
2021-07-08,木,うち確保病床の入院者数,131
2021-07-08,木,宿泊療養中の者の数,137
2021-07-08,木,自宅待機等の者の数,97
2021-07-09,金,陽性者数累計,35841
2021-07-09,金,退院者数累計,34938
2021-07-09,金,死亡者数累計,525
2021-07-09,金,入院・療養者数,378
2021-07-09,金,入院中の者の数,128
2021-07-09,金,うち確保病床の入院者数,128
2021-07-09,金,宿泊療養中の者の数,153
2021-07-09,金,自宅待機等の者の数,97
2021-07-10,土,陽性者数累計,35895
2021-07-10,土,退院者数累計,34958
2021-07-10,土,死亡者数累計,525
2021-07-10,土,入院・療養者数,412
2021-07-10,土,入院中の者の数,134
2021-07-10,土,うち確保病床の入院者数,134
2021-07-10,土,宿泊療養中の者の数,167
2021-07-10,土,自宅待機等の者の数,111
2021-07-11,日,陽性者数累計,35930
2021-07-11,日,退院者数累計,34977
2021-07-11,日,死亡者数累計,525
2021-07-11,日,入院・療養者数,428
2021-07-11,日,入院中の者の数,139
2021-07-11,日,うち確保病床の入院者数,139
2021-07-11,日,宿泊療養中の者の数,168
2021-07-11,日,自宅待機等の者の数,121
2021-07-12,月,陽性者数累計,35974
2021-07-12,月,退院者数累計,35017
2021-07-12,月,死亡者数累計,525
2021-07-12,月,入院・療養者数,432
2021-07-12,月,入院中の者の数,135
2021-07-12,月,うち確保病床の入院者数,135
2021-07-12,月,宿泊療養中の者の数,176
2021-07-12,月,自宅待機等の者の数,121
2021-07-13,火,陽性者数累計,36024
2021-07-13,火,退院者数累計,35028
2021-07-13,火,死亡者数累計,526
2021-07-13,火,入院・療養者数,470
2021-07-13,火,入院中の者の数,143
2021-07-13,火,うち確保病床の入院者数,143
2021-07-13,火,宿泊療養中の者の数,184
2021-07-13,火,自宅待機等の者の数,143
2021-07-14,水,陽性者数累計,36119
2021-07-14,水,退院者数累計,35093
2021-07-14,水,死亡者数累計,526
2021-07-14,水,入院・療養者数,500
2021-07-14,水,入院中の者の数,151
2021-07-14,水,うち確保病床の入院者数,151
2021-07-14,水,宿泊療養中の者の数,205
2021-07-14,水,自宅待機等の者の数,144
2021-07-15,木,陽性者数累計,36189
2021-07-15,木,退院者数累計,35132
2021-07-15,木,死亡者数累計,526
2021-07-15,木,入院・療養者数,531
2021-07-15,木,入院中の者の数,155
2021-07-15,木,うち確保病床の入院者数,155
2021-07-15,木,宿泊療養中の者の数,213
2021-07-15,木,自宅待機等の者の数,163
2021-07-16,金,陽性者数累計,36247
2021-07-16,金,退院者数累計,35167
2021-07-16,金,死亡者数累計,526
2021-07-16,金,入院・療養者数,554
2021-07-16,金,入院中の者の数,159
2021-07-16,金,うち確保病床の入院者数,159
2021-07-16,金,宿泊療養中の者の数,215
2021-07-16,金,自宅待機等の者の数,180
2021-07-17,土,陽性者数累計,36306
2021-07-17,土,退院者数累計,35196
2021-07-17,土,死亡者数累計,526
2021-07-17,土,入院・療養者数,584
2021-07-17,土,入院中の者の数,170
2021-07-17,土,うち確保病床の入院者数,170
2021-07-17,土,宿泊療養中の者の数,216
2021-07-17,土,自宅待機等の者の数,198
2021-07-18,日,陽性者数累計,36385
2021-07-18,日,退院者数累計,35226
2021-07-18,日,死亡者数累計,526
2021-07-18,日,入院・療養者数,633
2021-07-18,日,入院中の者の数,174
2021-07-18,日,うち確保病床の入院者数,174
2021-07-18,日,宿泊療養中の者の数,223
2021-07-18,日,自宅待機等の者の数,236
2021-07-19,月,陽性者数累計,36431
2021-07-19,月,退院者数累計,35287
2021-07-19,月,死亡者数累計,528
2021-07-19,月,入院・療養者数,616
2021-07-19,月,入院中の者の数,182
2021-07-19,月,うち確保病床の入院者数,182
2021-07-19,月,宿泊療養中の者の数,222
2021-07-19,月,自宅待機等の者の数,212
2021-07-20,火,陽性者数累計,36522
2021-07-20,火,退院者数累計,35345
2021-07-20,火,死亡者数累計,528
2021-07-20,火,入院・療養者数,649
2021-07-20,火,入院中の者の数,181
2021-07-20,火,うち確保病床の入院者数,181
2021-07-20,火,宿泊療養中の者の数,240
2021-07-20,火,自宅待機等の者の数,228
2021-07-21,水,陽性者数累計,36658
2021-07-21,水,退院者数累計,35399
2021-07-21,水,死亡者数累計,528
2021-07-21,水,入院・療養者数,731
2021-07-21,水,入院中の者の数,187
2021-07-21,水,うち確保病床の入院者数,186
2021-07-21,水,宿泊療養中の者の数,301
2021-07-21,水,自宅待機等の者の数,243
2021-07-22,木,陽性者数累計,36797
2021-07-22,木,退院者数累計,35466
2021-07-22,木,死亡者数累計,528
2021-07-22,木,入院・療養者数,803
2021-07-22,木,入院中の者の数,196
2021-07-22,木,うち確保病床の入院者数,195
2021-07-22,木,宿泊療養中の者の数,360
2021-07-22,木,自宅待機等の者の数,247
2021-07-23,金,陽性者数累計,36948
2021-07-23,金,退院者数累計,35480
2021-07-23,金,死亡者数累計,528
2021-07-23,金,入院・療養者数,940
2021-07-23,金,入院中の者の数,213
2021-07-23,金,うち確保病床の入院者数,210
2021-07-23,金,宿泊療養中の者の数,383
2021-07-23,金,自宅待機等の者の数,344
2021-07-24,土,陽性者数累計,37047
2021-07-24,土,退院者数累計,35547
2021-07-24,土,死亡者数累計,528
2021-07-24,土,入院・療養者数,972
2021-07-24,土,入院中の者の数,221
2021-07-24,土,うち確保病床の入院者数,219
2021-07-24,土,宿泊療養中の者の数,439
2021-07-24,土,自宅待機等の者の数,312
2021-07-25,日,陽性者数累計,37209
2021-07-25,日,退院者数累計,35636
2021-07-25,日,死亡者数累計,528
2021-07-25,日,入院・療養者数,1045
2021-07-25,日,入院中の者の数,224
2021-07-25,日,うち確保病床の入院者数,222
2021-07-25,日,宿泊療養中の者の数,496
2021-07-25,日,自宅待機等の者の数,325
2021-07-26,月,陽性者数累計,37381
2021-07-26,月,退院者数累計,35703
2021-07-26,月,死亡者数累計,529
2021-07-26,月,入院・療養者数,1149
2021-07-26,月,入院中の者の数,222
2021-07-26,月,うち確保病床の入院者数,220
2021-07-26,月,宿泊療養中の者の数,560
2021-07-26,月,自宅待機等の者の数,367
2021-07-27,火,陽性者数累計,37617
2021-07-27,火,退院者数累計,35751
2021-07-27,火,死亡者数累計,532
2021-07-27,火,入院・療養者数,1334
2021-07-27,火,入院中の者の数,224
2021-07-27,火,うち確保病床の入院者数,222
2021-07-27,火,宿泊療養中の者の数,630
2021-07-27,火,自宅待機等の者の数,480
2021-07-28,水,陽性者数累計,38022
2021-07-28,水,退院者数累計,35857
2021-07-28,水,死亡者数累計,532
2021-07-28,水,入院・療養者数,1633
2021-07-28,水,入院中の者の数,244
2021-07-28,水,うち確保病床の入院者数,241
2021-07-28,水,宿泊療養中の者の数,772
2021-07-28,水,自宅待機等の者の数,617
2021-07-29,木,陽性者数累計,38388
2021-07-29,木,退院者数累計,35927
2021-07-29,木,死亡者数累計,532
2021-07-29,木,入院・療養者数,1929
2021-07-29,木,入院中の者の数,272
2021-07-29,木,うち確保病床の入院者数,268
2021-07-29,木,宿泊療養中の者の数,871
2021-07-29,木,自宅待機等の者の数,786
2021-07-30,金,陽性者数累計,38866
2021-07-30,金,退院者数累計,36043
2021-07-30,金,死亡者数累計,532
2021-07-30,金,入院・療養者数,2291
2021-07-30,金,入院中の者の数,294
2021-07-30,金,うち確保病床の入院者数,290
2021-07-30,金,宿泊療養中の者の数,925
2021-07-30,金,自宅待機等の者の数,1072
2021-07-31,土,陽性者数累計,39370
2021-07-31,土,退院者数累計,36176
2021-07-31,土,死亡者数累計,532
2021-07-31,土,入院・療養者数,2662
2021-07-31,土,入院中の者の数,320
2021-07-31,土,うち確保病床の入院者数,316
2021-07-31,土,宿泊療養中の者の数,973
2021-07-31,土,自宅待機等の者の数,1369
2021-08-01,日,陽性者数累計,39804
2021-08-01,日,退院者数累計,36296
2021-08-01,日,死亡者数累計,533
2021-08-01,日,入院・療養者数,2975
2021-08-01,日,入院中の者の数,363
2021-08-01,日,うち確保病床の入院者数,358
2021-08-01,日,宿泊療養中の者の数,1020
2021-08-01,日,自宅待機等の者の数,1592
2021-08-02,月,陽性者数累計,40162
2021-08-02,月,退院者数累計,36399
2021-08-02,月,死亡者数累計,534
2021-08-02,月,入院・療養者数,3229
2021-08-02,月,入院中の者の数,417
2021-08-02,月,うち確保病床の入院者数,407
2021-08-02,月,宿泊療養中の者の数,1070
2021-08-02,月,自宅待機等の者の数,1742
2021-08-03,火,陽性者数累計,40672
2021-08-03,火,退院者数累計,36583
2021-08-03,火,死亡者数累計,535
2021-08-03,火,入院・療養者数,3554
2021-08-03,火,入院中の者の数,458
2021-08-03,火,うち確保病床の入院者数,447
2021-08-03,火,宿泊療養中の者の数,1161
2021-08-03,火,自宅待機等の者の数,1935
2021-08-04,水,陽性者数累計,41424
2021-08-04,水,退院者数累計,36829
2021-08-04,水,死亡者数累計,536
2021-08-04,水,入院・療養者数,4059
2021-08-04,水,入院中の者の数,479
2021-08-04,水,うち確保病床の入院者数,475
2021-08-04,水,宿泊療養中の者の数,1223
2021-08-04,水,自宅待機等の者の数,2357
2021-08-05,木,陽性者数累計,42142
2021-08-05,木,退院者数累計,37075
2021-08-05,木,死亡者数累計,536
2021-08-05,木,入院・療養者数,4531
2021-08-05,木,入院中の者の数,514
2021-08-05,木,うち確保病床の入院者数,510
2021-08-05,木,宿泊療養中の者の数,1221
2021-08-05,木,自宅待機等の者の数,2796
2021-08-06,金,陽性者数累計,42982
2021-08-06,金,退院者数累計,37293
2021-08-06,金,死亡者数累計,537
2021-08-06,金,入院・療養者数,5152
2021-08-06,金,入院中の者の数,527
2021-08-06,金,うち確保病床の入院者数,521
2021-08-06,金,宿泊療養中の者の数,1214
2021-08-06,金,自宅待機等の者の数,3411
2021-08-07,土,陽性者数累計,43723
2021-08-07,土,退院者数累計,37549
2021-08-07,土,死亡者数累計,537
2021-08-07,土,入院・療養者数,5637
2021-08-07,土,入院中の者の数,586
2021-08-07,土,うち確保病床の入院者数,580
2021-08-07,土,宿泊療養中の者の数,1217
2021-08-07,土,自宅待機等の者の数,3833
2021-08-08,日,陽性者数累計,44424
2021-08-08,日,退院者数累計,37948
2021-08-08,日,死亡者数累計,537
2021-08-08,日,入院・療養者数,5939
2021-08-08,日,入院中の者の数,603
2021-08-08,日,うち確保病床の入院者数,598
2021-08-08,日,宿泊療養中の者の数,1220
2021-08-08,日,自宅待機等の者の数,4116
2021-08-09,月,陽性者数累計,45048
2021-08-09,月,退院者数累計,38281
2021-08-09,月,死亡者数累計,538
2021-08-09,月,入院・療養者数,6229
2021-08-09,月,入院中の者の数,645
2021-08-09,月,うち確保病床の入院者数,640
2021-08-09,月,宿泊療養中の者の数,1317
2021-08-09,月,自宅待機等の者の数,4267
2021-08-10,火,陽性者数累計,45505
2021-08-10,火,退院者数累計,38473
2021-08-10,火,死亡者数累計,540
2021-08-10,火,入院・療養者数,6492
2021-08-10,火,入院中の者の数,677
2021-08-10,火,うち確保病床の入院者数,674
2021-08-10,火,宿泊療養中の者の数,1401
2021-08-10,火,自宅待機等の者の数,4414
2021-08-11,水,陽性者数累計,46242
2021-08-11,水,退院者数累計,39283
2021-08-11,水,死亡者数累計,544
2021-08-11,水,入院・療養者数,6415
2021-08-11,水,入院中の者の数,692
2021-08-11,水,うち確保病床の入院者数,689
2021-08-11,水,宿泊療養中の者の数,1381
2021-08-11,水,自宅待機等の者の数,4342
2021-08-12,木,陽性者数累計,47282
2021-08-12,木,退院者数累計,39581
2021-08-12,木,死亡者数累計,546
2021-08-12,木,入院・療養者数,7155
2021-08-12,木,入院中の者の数,752
2021-08-12,木,うち確保病床の入院者数,750
2021-08-12,木,宿泊療養中の者の数,1412
2021-08-12,木,自宅待機等の者の数,4991
2021-08-13,金,陽性者数累計,48232
2021-08-13,金,退院者数累計,40069
2021-08-13,金,死亡者数累計,547
2021-08-13,金,入院・療養者数,7616
2021-08-13,金,入院中の者の数,753
2021-08-13,金,うち確保病床の入院者数,751
2021-08-13,金,宿泊療養中の者の数,1467
2021-08-13,金,自宅待機等の者の数,5396
2021-08-14,土,陽性者数累計,49120
2021-08-14,土,退院者数累計,40990
2021-08-14,土,死亡者数累計,548
2021-08-14,土,入院・療養者数,7582
2021-08-14,土,入院中の者の数,787
2021-08-14,土,うち確保病床の入院者数,785
2021-08-14,土,宿泊療養中の者の数,1469
2021-08-14,土,自宅待機等の者の数,5326
2021-08-15,日,陽性者数累計,49801
2021-08-15,日,退院者数累計,41580
2021-08-15,日,死亡者数累計,548
2021-08-15,日,入院・療養者数,7673
2021-08-15,日,入院中の者の数,825
2021-08-15,日,うち確保病床の入院者数,823
2021-08-15,日,宿泊療養中の者の数,1468
2021-08-15,日,自宅待機等の者の数,5380
2021-08-16,月,陽性者数累計,50484
2021-08-16,月,退院者数累計,41969
2021-08-16,月,死亡者数累計,550
2021-08-16,月,入院・療養者数,7965
2021-08-16,月,入院中の者の数,866
2021-08-16,月,うち確保病床の入院者数,864
2021-08-16,月,宿泊療養中の者の数,1467
2021-08-16,月,自宅待機等の者の数,5632
2021-08-17,火,陽性者数累計,51200
2021-08-17,火,退院者数累計,42870
2021-08-17,火,死亡者数累計,552
2021-08-17,火,入院・療養者数,7778
2021-08-17,火,入院中の者の数,882
2021-08-17,火,うち確保病床の入院者数,880
2021-08-17,火,宿泊療養中の者の数,1489
2021-08-17,火,自宅待機等の者の数,5407
2021-08-18,水,陽性者数累計,52452
2021-08-18,水,退院者数累計,43458
2021-08-18,水,死亡者数累計,553
2021-08-18,水,入院・療養者数,8441
2021-08-18,水,入院中の者の数,854
2021-08-18,水,うち確保病床の入院者数,852
2021-08-18,水,宿泊療養中の者の数,1529
2021-08-18,水,自宅待機等の者の数,6058
2021-08-19,木,陽性者数累計,53585
2021-08-19,木,退院者数累計,43908
2021-08-19,木,死亡者数累計,555
2021-08-19,木,入院・療養者数,9122
2021-08-19,木,入院中の者の数,870
2021-08-19,木,うち確保病床の入院者数,868
2021-08-19,木,宿泊療養中の者の数,1520
2021-08-19,木,自宅待機等の者の数,6732
2021-08-20,金,陽性者数累計,54779
2021-08-20,金,退院者数累計,44820
2021-08-20,金,死亡者数累計,557
2021-08-20,金,入院・療養者数,9402
2021-08-20,金,入院中の者の数,897
2021-08-20,金,うち確保病床の入院者数,894
2021-08-20,金,宿泊療養中の者の数,1485
2021-08-20,金,自宅待機等の者の数,7020
2021-08-21,土,陽性者数累計,55849
2021-08-21,土,退院者数累計,45635
2021-08-21,土,死亡者数累計,557
2021-08-21,土,入院・療養者数,9657
2021-08-21,土,入院中の者の数,927
2021-08-21,土,うち確保病床の入院者数,924
2021-08-21,土,宿泊療養中の者の数,1482
2021-08-21,土,自宅待機等の者の数,7248
2021-08-22,日,陽性者数累計,56993
2021-08-22,日,退院者数累計,46176
2021-08-22,日,死亡者数累計,557
2021-08-22,日,入院・療養者数,10260
2021-08-22,日,入院中の者の数,958
2021-08-22,日,うち確保病床の入院者数,955
2021-08-22,日,宿泊療養中の者の数,1516
2021-08-22,日,自宅待機等の者の数,7786
2021-08-23,月,陽性者数累計,57888
2021-08-23,月,退院者数累計,46619
2021-08-23,月,死亡者数累計,557
2021-08-23,月,入院・療養者数,10712
2021-08-23,月,入院中の者の数,974
2021-08-23,月,うち確保病床の入院者数,967
2021-08-23,月,宿泊療養中の者の数,1507
2021-08-23,月,自宅待機等の者の数,8231
2021-08-24,火,陽性者数累計,58766
2021-08-24,火,退院者数累計,47322
2021-08-24,火,死亡者数累計,558
2021-08-24,火,入院・療養者数,10886
2021-08-24,火,入院中の者の数,996
2021-08-24,火,うち確保病床の入院者数,989
2021-08-24,火,宿泊療養中の者の数,1507
2021-08-24,火,自宅待機等の者の数,8383
2021-08-25,水,陽性者数累計,59860
2021-08-25,水,退院者数累計,48121
2021-08-25,水,死亡者数累計,558
2021-08-25,水,入院・療養者数,11181
2021-08-25,水,入院中の者の数,985
2021-08-25,水,うち確保病床の入院者数,978
2021-08-25,水,宿泊療養中の者の数,1487
2021-08-25,水,自宅待機等の者の数,8709
2021-08-26,木,陽性者数累計,60850
2021-08-26,木,退院者数累計,49079
2021-08-26,木,死亡者数累計,559
2021-08-26,木,入院・療養者数,11212
2021-08-26,木,入院中の者の数,1021
2021-08-26,木,うち確保病床の入院者数,1014
2021-08-26,木,宿泊療養中の者の数,1496
2021-08-26,木,自宅待機等の者の数,8695
2021-08-27,金,陽性者数累計,61846
2021-08-27,金,退院者数累計,49872
2021-08-27,金,死亡者数累計,561
2021-08-27,金,入院・療養者数,11413
2021-08-27,金,入院中の者の数,998
2021-08-27,金,うち確保病床の入院者数,991
2021-08-27,金,宿泊療養中の者の数,1460
2021-08-27,金,自宅待機等の者の数,8955
2021-08-28,土,陽性者数累計,62798
2021-08-28,土,退院者数累計,50731
2021-08-28,土,死亡者数累計,561
2021-08-28,土,入院・療養者数,11506
2021-08-28,土,入院中の者の数,964
2021-08-28,土,うち確保病床の入院者数,957
2021-08-28,土,宿泊療養中の者の数,1460
2021-08-28,土,自宅待機等の者の数,9082
2021-08-29,日,陽性者数累計,63755
2021-08-29,日,退院者数累計,51630
2021-08-29,日,死亡者数累計,562
2021-08-29,日,入院・療養者数,11563
2021-08-29,日,入院中の者の数,996
2021-08-29,日,うち確保病床の入院者数,989
2021-08-29,日,宿泊療養中の者の数,1440
2021-08-29,日,自宅待機等の者の数,9127
2021-08-30,月,陽性者数累計,64381
2021-08-30,月,退院者数累計,52567
2021-08-30,月,死亡者数累計,565
2021-08-30,月,入院・療養者数,11249
2021-08-30,月,入院中の者の数,999
2021-08-30,月,うち確保病床の入院者数,983
2021-08-30,月,宿泊療養中の者の数,1404
2021-08-30,月,自宅待機等の者の数,8846
2021-08-31,火,陽性者数累計,65065
2021-08-31,火,退院者数累計,53877
2021-08-31,火,死亡者数累計,569
2021-08-31,火,入院・療養者数,10619
2021-08-31,火,入院中の者の数,950
2021-08-31,火,うち確保病床の入院者数,934
2021-08-31,火,宿泊療養中の者の数,1318
2021-08-31,火,自宅待機等の者の数,8351
2021-09-01,水,陽性者数累計,66080
2021-09-01,水,退院者数累計,54841
2021-09-01,水,死亡者数累計,570
2021-09-01,水,入院・療養者数,10669
2021-09-01,水,入院中の者の数,918
2021-09-01,水,うち確保病床の入院者数,905
2021-09-01,水,宿泊療養中の者の数,1301
2021-09-01,水,自宅待機等の者の数,8450
2021-09-02,木,陽性者数累計,66873
2021-09-02,木,退院者数累計,55657
2021-09-02,木,死亡者数累計,572
2021-09-02,木,入院・療養者数,10644
2021-09-02,木,入院中の者の数,947
2021-09-02,木,うち確保病床の入院者数,934
2021-09-02,木,宿泊療養中の者の数,1321
2021-09-02,木,自宅待機等の者の数,8378
2021-09-03,金,陽性者数累計,67605
2021-09-03,金,退院者数累計,56611
2021-09-03,金,死亡者数累計,572
2021-09-03,金,入院・療養者数,10422
2021-09-03,金,入院中の者の数,903
2021-09-03,金,うち確保病床の入院者数,891
2021-09-03,金,宿泊療養中の者の数,1305
2021-09-03,金,自宅待機等の者の数,8214
2021-09-04,土,陽性者数累計,68248
2021-09-04,土,退院者数累計,57546
2021-09-04,土,死亡者数累計,574
2021-09-04,土,入院・療養者数,10128
2021-09-04,土,入院中の者の数,918
2021-09-04,土,うち確保病床の入院者数,906
2021-09-04,土,宿泊療養中の者の数,1259
2021-09-04,土,自宅待機等の者の数,7951
2021-09-05,日,陽性者数累計,68833
2021-09-05,日,退院者数累計,58693
2021-09-05,日,死亡者数累計,574
2021-09-05,日,入院・療養者数,9566
2021-09-05,日,入院中の者の数,933
2021-09-05,日,うち確保病床の入院者数,921
2021-09-05,日,宿泊療養中の者の数,1190
2021-09-05,日,自宅待機等の者の数,7443
2021-09-06,月,陽性者数累計,69253
2021-09-06,月,退院者数累計,59446
2021-09-06,月,死亡者数累計,574
2021-09-06,月,入院・療養者数,9233
2021-09-06,月,入院中の者の数,948
2021-09-06,月,うち確保病床の入院者数,936
2021-09-06,月,宿泊療養中の者の数,1164
2021-09-06,月,自宅待機等の者の数,7121
2021-09-07,火,陽性者数累計,69677
2021-09-07,火,退院者数累計,60362
2021-09-07,火,死亡者数累計,576
2021-09-07,火,入院・療養者数,8739
2021-09-07,火,入院中の者の数,888
2021-09-07,火,うち確保病床の入院者数,874
2021-09-07,火,宿泊療養中の者の数,1064
2021-09-07,火,自宅待機等の者の数,6787
2021-09-08,水,陽性者数累計,70249
2021-09-08,水,退院者数累計,61509
2021-09-08,水,死亡者数累計,577
2021-09-08,水,入院・療養者数,8163
2021-09-08,水,入院中の者の数,878
2021-09-08,水,うち確保病床の入院者数,864
2021-09-08,水,宿泊療養中の者の数,1064
2021-09-08,水,自宅待機等の者の数,6221
2021-09-09,木,陽性者数累計,70678
2021-09-09,木,退院者数累計,62298
2021-09-09,木,死亡者数累計,581
2021-09-09,木,入院・療養者数,7799
2021-09-09,木,入院中の者の数,899
2021-09-09,木,うち確保病床の入院者数,884
2021-09-09,木,宿泊療養中の者の数,1012
2021-09-09,木,自宅待機等の者の数,5888
2021-09-10,金,陽性者数累計,71116
2021-09-10,金,退院者数累計,63065
2021-09-10,金,死亡者数累計,583
2021-09-10,金,入院・療養者数,7468
2021-09-10,金,入院中の者の数,859
2021-09-10,金,うち確保病床の入院者数,845
2021-09-10,金,宿泊療養中の者の数,963
2021-09-10,金,自宅待機等の者の数,5646
2021-09-11,土,陽性者数累計,71494
2021-09-11,土,退院者数累計,63882
2021-09-11,土,死亡者数累計,584
2021-09-11,土,入院・療養者数,7028
2021-09-11,土,入院中の者の数,866
2021-09-11,土,うち確保病床の入院者数,852
2021-09-11,土,宿泊療養中の者の数,945
2021-09-11,土,自宅待機等の者の数,5217
2021-09-12,日,陽性者数累計,71785
2021-09-12,日,退院者数累計,64429
2021-09-12,日,死亡者数累計,586
2021-09-12,日,入院・療養者数,6770
2021-09-12,日,入院中の者の数,831
2021-09-12,日,うち確保病床の入院者数,817
2021-09-12,日,宿泊療養中の者の数,919
2021-09-12,日,自宅待機等の者の数,5020
2021-09-13,月,陽性者数累計,71942
2021-09-13,月,退院者数累計,64846
2021-09-13,月,死亡者数累計,588
2021-09-13,月,入院・療養者数,6508
2021-09-13,月,入院中の者の数,771
2021-09-13,月,うち確保病床の入院者数,751
2021-09-13,月,宿泊療養中の者の数,833
2021-09-13,月,自宅待機等の者の数,4904
2021-09-14,火,陽性者数累計,72151
2021-09-14,火,退院者数累計,65550
2021-09-14,火,死亡者数累計,590
2021-09-14,火,入院・療養者数,6011
2021-09-14,火,入院中の者の数,734
2021-09-14,火,うち確保病床の入院者数,715
2021-09-14,火,宿泊療養中の者の数,755
2021-09-14,火,自宅待機等の者の数,4522
2021-09-15,水,陽性者数累計,72399
2021-09-15,水,退院者数累計,66168
2021-09-15,水,死亡者数累計,591
2021-09-15,水,入院・療養者数,5640
2021-09-15,水,入院中の者の数,710
2021-09-15,水,うち確保病床の入院者数,683
2021-09-15,水,宿泊療養中の者の数,728
2021-09-15,水,自宅待機等の者の数,4202
2021-09-16,木,陽性者数累計,72632
2021-09-16,木,退院者数累計,66739
2021-09-16,木,死亡者数累計,593
2021-09-16,木,入院・療養者数,5300
2021-09-16,木,入院中の者の数,677
2021-09-16,木,うち確保病床の入院者数,650
2021-09-16,木,宿泊療養中の者の数,714
2021-09-16,木,自宅待機等の者の数,3910
2021-09-17,金,陽性者数累計,72793
2021-09-17,金,退院者数累計,67217
2021-09-17,金,死亡者数累計,594
2021-09-17,金,入院・療養者数,4982
2021-09-17,金,入院中の者の数,635
2021-09-17,金,うち確保病床の入院者数,609
2021-09-17,金,宿泊療養中の者の数,664
2021-09-17,金,自宅待機等の者の数,3683
2021-09-18,土,陽性者数累計,72958
2021-09-18,土,退院者数累計,67527
2021-09-18,土,死亡者数累計,595
2021-09-18,土,入院・療養者数,4836
2021-09-18,土,入院中の者の数,617
2021-09-18,土,うち確保病床の入院者数,594
2021-09-18,土,宿泊療養中の者の数,593
2021-09-18,土,自宅待機等の者の数,3626
2021-09-19,日,陽性者数累計,73091
2021-09-19,日,退院者数累計,67909
2021-09-19,日,死亡者数累計,595
2021-09-19,日,入院・療養者数,4587
2021-09-19,日,入院中の者の数,585
2021-09-19,日,うち確保病床の入院者数,562
2021-09-19,日,宿泊療養中の者の数,551
2021-09-19,日,自宅待機等の者の数,3451
2021-09-20,月,陽性者数累計,73165
2021-09-20,月,退院者数累計,68235
2021-09-20,月,死亡者数累計,595
2021-09-20,月,入院・療養者数,4335
2021-09-20,月,入院中の者の数,576
2021-09-20,月,うち確保病床の入院者数,555
2021-09-20,月,宿泊療養中の者の数,471
2021-09-20,月,自宅待機等の者の数,3288
2021-09-21,火,陽性者数累計,73240
2021-09-21,火,退院者数累計,68544
2021-09-21,火,死亡者数累計,600
2021-09-21,火,入院・療養者数,4096
2021-09-21,火,入院中の者の数,542
2021-09-21,火,うち確保病床の入院者数,531
2021-09-21,火,宿泊療養中の者の数,419
2021-09-21,火,自宅待機等の者の数,3135
2021-09-22,水,陽性者数累計,73336
2021-09-22,水,退院者数累計,68985
2021-09-22,水,死亡者数累計,601
2021-09-22,水,入院・療養者数,3750
2021-09-22,水,入院中の者の数,459
2021-09-22,水,うち確保病床の入院者数,449
2021-09-22,水,宿泊療養中の者の数,385
2021-09-22,水,自宅待機等の者の数,2906
2021-09-23,木,陽性者数累計,73458
2021-09-23,木,退院者数累計,69160
2021-09-23,木,死亡者数累計,602
2021-09-23,木,入院・療養者数,3696
2021-09-23,木,入院中の者の数,449
2021-09-23,木,うち確保病床の入院者数,440
2021-09-23,木,宿泊療養中の者の数,350
2021-09-23,木,自宅待機等の者の数,2897
2021-09-24,金,陽性者数累計,73583
2021-09-24,金,退院者数累計,69532
2021-09-24,金,死亡者数累計,604
2021-09-24,金,入院・療養者数,3447
2021-09-24,金,入院中の者の数,389
2021-09-24,金,うち確保病床の入院者数,381
2021-09-24,金,宿泊療養中の者の数,305
2021-09-24,金,自宅待機等の者の数,2753
2021-09-25,土,陽性者数累計,73648
2021-09-25,土,退院者数累計,69712
2021-09-25,土,死亡者数累計,606
2021-09-25,土,入院・療養者数,3330
2021-09-25,土,入院中の者の数,404
2021-09-25,土,うち確保病床の入院者数,366
2021-09-25,土,宿泊療養中の者の数,275
2021-09-25,土,自宅待機等の者の数,2651
2021-09-26,日,陽性者数累計,73752
2021-09-26,日,退院者数累計,69887
2021-09-26,日,死亡者数累計,607
2021-09-26,日,入院・療養者数,3258
2021-09-26,日,入院中の者の数,387
2021-09-26,日,うち確保病床の入院者数,349
2021-09-26,日,宿泊療養中の者の数,249
2021-09-26,日,自宅待機等の者の数,2622
2021-09-27,月,陽性者数累計,73791
2021-09-27,月,退院者数累計,70082
2021-09-27,月,死亡者数累計,607
2021-09-27,月,入院・療養者数,3102
2021-09-27,月,入院中の者の数,365
2021-09-27,月,うち確保病床の入院者数,329
2021-09-27,月,宿泊療養中の者の数,208
2021-09-27,月,自宅待機等の者の数,2529
2021-09-28,火,陽性者数累計,73835
2021-09-28,火,退院者数累計,70322
2021-09-28,火,死亡者数累計,608
2021-09-28,火,入院・療養者数,2905
2021-09-28,火,入院中の者の数,342
2021-09-28,火,うち確保病床の入院者数,305
2021-09-28,火,宿泊療養中の者の数,161
2021-09-28,火,自宅待機等の者の数,2402
2021-09-29,水,陽性者数累計,73877
2021-09-29,水,退院者数累計,70883
2021-09-29,水,死亡者数累計,608
2021-09-29,水,入院・療養者数,2386
2021-09-29,水,入院中の者の数,304
2021-09-29,水,うち確保病床の入院者数,275
2021-09-29,水,宿泊療養中の者の数,146
2021-09-29,水,自宅待機等の者の数,1936
2021-09-30,木,陽性者数累計,73912
2021-09-30,木,退院者数累計,71352
2021-09-30,木,死亡者数累計,610
2021-09-30,木,入院・療養者数,1950
2021-09-30,木,入院中の者の数,292
2021-09-30,木,うち確保病床の入院者数,263
2021-09-30,木,宿泊療養中の者の数,145
2021-09-30,木,自宅待機等の者の数,1513
2021-10-01,金,陽性者数累計,73952
2021-10-01,金,退院者数累計,71725
2021-10-01,金,死亡者数累計,610
2021-10-01,金,入院・療養者数,1617
2021-10-01,金,入院中の者の数,276
2021-10-01,金,うち確保病床の入院者数,245
2021-10-01,金,宿泊療養中の者の数,122
2021-10-01,金,自宅待機等の者の数,1219
2021-10-02,土,陽性者数累計,73991
2021-10-02,土,退院者数累計,72014
2021-10-02,土,死亡者数累計,611
2021-10-02,土,入院・療養者数,1366
2021-10-02,土,入院中の者の数,255
2021-10-02,土,うち確保病床の入院者数,224
2021-10-02,土,宿泊療養中の者の数,120
2021-10-02,土,自宅待機等の者の数,991
2021-10-03,日,陽性者数累計,74036
2021-10-03,日,退院者数累計,72202
2021-10-03,日,死亡者数累計,612
2021-10-03,日,入院・療養者数,1222
2021-10-03,日,入院中の者の数,251
2021-10-03,日,うち確保病床の入院者数,243
2021-10-03,日,宿泊療養中の者の数,108
2021-10-03,日,自宅待機等の者の数,863
2021-10-04,月,陽性者数累計,74055
2021-10-04,月,退院者数累計,72540
2021-10-04,月,死亡者数累計,612
2021-10-04,月,入院・療養者数,903
2021-10-04,月,入院中の者の数,207
2021-10-04,月,うち確保病床の入院者数,200
2021-10-04,月,宿泊療養中の者の数,91
2021-10-04,月,自宅待機等の者の数,605
2021-10-05,火,陽性者数累計,74076
2021-10-05,火,退院者数累計,72740
2021-10-05,火,死亡者数累計,614
2021-10-05,火,入院・療養者数,722
2021-10-05,火,入院中の者の数,183
2021-10-05,火,うち確保病床の入院者数,178
2021-10-05,火,宿泊療養中の者の数,92
2021-10-05,火,自宅待機等の者の数,447
2021-10-06,水,陽性者数累計,74101
2021-10-06,水,退院者数累計,72856
2021-10-06,水,死亡者数累計,615
2021-10-06,水,入院・療養者数,630
2021-10-06,水,入院中の者の数,157
2021-10-06,水,うち確保病床の入院者数,153
2021-10-06,水,宿泊療養中の者の数,93
2021-10-06,水,自宅待機等の者の数,380
2021-10-07,木,陽性者数累計,74115
2021-10-07,木,退院者数累計,72909
2021-10-07,木,死亡者数累計,615
2021-10-07,木,入院・療養者数,591
2021-10-07,木,入院中の者の数,152
2021-10-07,木,うち確保病床の入院者数,148
2021-10-07,木,宿泊療養中の者の数,90
2021-10-07,木,自宅待機等の者の数,349
2021-10-08,金,陽性者数累計,74130
2021-10-08,金,退院者数累計,72980
2021-10-08,金,死亡者数累計,615
2021-10-08,金,入院・療養者数,535
2021-10-08,金,入院中の者の数,130
2021-10-08,金,うち確保病床の入院者数,126
2021-10-08,金,宿泊療養中の者の数,80
2021-10-08,金,自宅待機等の者の数,325
2021-10-09,土,陽性者数累計,74161
2021-10-09,土,退院者数累計,73005
2021-10-09,土,死亡者数累計,615
2021-10-09,土,入院・療養者数,541
2021-10-09,土,入院中の者の数,130
2021-10-09,土,うち確保病床の入院者数,129
2021-10-09,土,宿泊療養中の者の数,73
2021-10-09,土,自宅待機等の者の数,338
2021-10-10,日,陽性者数累計,74179
2021-10-10,日,退院者数累計,73046
2021-10-10,日,死亡者数累計,615
2021-10-10,日,入院・療養者数,518
2021-10-10,日,入院中の者の数,121
2021-10-10,日,うち確保病床の入院者数,120
2021-10-10,日,宿泊療養中の者の数,76
2021-10-10,日,自宅待機等の者の数,321
2021-10-11,月,陽性者数累計,74195
2021-10-11,月,退院者数累計,73088
2021-10-11,月,死亡者数累計,616
2021-10-11,月,入院・療養者数,491
2021-10-11,月,入院中の者の数,103
2021-10-11,月,うち確保病床の入院者数,102
2021-10-11,月,宿泊療養中の者の数,67
2021-10-11,月,自宅待機等の者の数,321
2021-10-12,火,陽性者数累計,74209
2021-10-12,火,退院者数累計,73195
2021-10-12,火,死亡者数累計,618
2021-10-12,火,入院・療養者数,396
2021-10-12,火,入院中の者の数,100
2021-10-12,火,うち確保病床の入院者数,99
2021-10-12,火,宿泊療養中の者の数,55
2021-10-12,火,自宅待機等の者の数,241
2021-10-13,水,陽性者数累計,74230
2021-10-13,水,退院者数累計,73224
2021-10-13,水,死亡者数累計,618
2021-10-13,水,入院・療養者数,388
2021-10-13,水,入院中の者の数,94
2021-10-13,水,うち確保病床の入院者数,93
2021-10-13,水,宿泊療養中の者の数,54
2021-10-13,水,自宅待機等の者の数,240
2021-10-14,木,陽性者数累計,74255
2021-10-14,木,退院者数累計,73288
2021-10-14,木,死亡者数累計,619
2021-10-14,木,入院・療養者数,348
2021-10-14,木,入院中の者の数,86
2021-10-14,木,うち確保病床の入院者数,85
2021-10-14,木,宿泊療養中の者の数,60
2021-10-14,木,自宅待機等の者の数,202
2021-10-15,金,陽性者数累計,74271
2021-10-15,金,退院者数累計,73305
2021-10-15,金,死亡者数累計,619
2021-10-15,金,入院・療養者数,347
2021-10-15,金,入院中の者の数,83
2021-10-15,金,うち確保病床の入院者数,82
2021-10-15,金,宿泊療養中の者の数,57
2021-10-15,金,自宅待機等の者の数,207
2021-10-16,土,陽性者数累計,74292
2021-10-16,土,退院者数累計,73330
2021-10-16,土,死亡者数累計,619
2021-10-16,土,入院・療養者数,343
2021-10-16,土,入院中の者の数,78
2021-10-16,土,うち確保病床の入院者数,77
2021-10-16,土,宿泊療養中の者の数,54
2021-10-16,土,自宅待機等の者の数,211
2021-10-17,日,陽性者数累計,74306
2021-10-17,日,退院者数累計,73351
2021-10-17,日,死亡者数累計,619
2021-10-17,日,入院・療養者数,336
2021-10-17,日,入院中の者の数,79
2021-10-17,日,うち確保病床の入院者数,78
2021-10-17,日,宿泊療養中の者の数,55
2021-10-17,日,自宅待機等の者の数,202
2021-10-18,月,陽性者数累計,74314
2021-10-18,月,退院者数累計,73370
2021-10-18,月,死亡者数累計,620
2021-10-18,月,入院・療養者数,324
2021-10-18,月,入院中の者の数,68
2021-10-18,月,うち確保病床の入院者数,67
2021-10-18,月,宿泊療養中の者の数,51
2021-10-18,月,自宅待機等の者の数,205
2021-10-19,火,陽性者数累計,74324
2021-10-19,火,退院者数累計,73413
2021-10-19,火,死亡者数累計,620
2021-10-19,火,入院・療養者数,291
2021-10-19,火,入院中の者の数,61
2021-10-19,火,うち確保病床の入院者数,60
2021-10-19,火,宿泊療養中の者の数,52
2021-10-19,火,自宅待機等の者の数,178
2021-10-20,水,陽性者数累計,74339
2021-10-20,水,退院者数累計,73453
2021-10-20,水,死亡者数累計,621
2021-10-20,水,入院・療養者数,265
2021-10-20,水,入院中の者の数,54
2021-10-20,水,うち確保病床の入院者数,53
2021-10-20,水,宿泊療養中の者の数,54
2021-10-20,水,自宅待機等の者の数,157
2021-10-21,木,陽性者数累計,74350
2021-10-21,木,退院者数累計,73507
2021-10-21,木,死亡者数累計,621
2021-10-21,木,入院・療養者数,222
2021-10-21,木,入院中の者の数,51
2021-10-21,木,うち確保病床の入院者数,50
2021-10-21,木,宿泊療養中の者の数,46
2021-10-21,木,自宅待機等の者の数,125
2021-10-22,金,陽性者数累計,74358
2021-10-22,金,退院者数累計,73536
2021-10-22,金,死亡者数累計,621
2021-10-22,金,入院・療養者数,201
2021-10-22,金,入院中の者の数,49
2021-10-22,金,うち確保病床の入院者数,48
2021-10-22,金,宿泊療養中の者の数,44
2021-10-22,金,自宅待機等の者の数,108
2021-10-23,土,陽性者数累計,74366
2021-10-23,土,退院者数累計,73559
2021-10-23,土,死亡者数累計,621
2021-10-23,土,入院・療養者数,186
2021-10-23,土,入院中の者の数,50
2021-10-23,土,うち確保病床の入院者数,49
2021-10-23,土,宿泊療養中の者の数,31
2021-10-23,土,自宅待機等の者の数,105
2021-10-24,日,陽性者数累計,74370
2021-10-24,日,退院者数累計,73576
2021-10-24,日,死亡者数累計,621
2021-10-24,日,入院・療養者数,173
2021-10-24,日,入院中の者の数,47
2021-10-24,日,うち確保病床の入院者数,46
2021-10-24,日,宿泊療養中の者の数,27
2021-10-24,日,自宅待機等の者の数,99
2021-10-25,月,陽性者数累計,74378
2021-10-25,月,退院者数累計,73654
2021-10-25,月,死亡者数累計,621
2021-10-25,月,入院・療養者数,103
2021-10-25,月,入院中の者の数,40
2021-10-25,月,うち確保病床の入院者数,40
2021-10-25,月,宿泊療養中の者の数,19
2021-10-25,月,自宅待機等の者の数,44
2021-10-26,火,陽性者数累計,74378
2021-10-26,火,退院者数累計,73659
2021-10-26,火,死亡者数累計,621
2021-10-26,火,入院・療養者数,98
2021-10-26,火,入院中の者の数,38
2021-10-26,火,うち確保病床の入院者数,38
2021-10-26,火,宿泊療養中の者の数,17
2021-10-26,火,自宅待機等の者の数,43
2021-10-27,水,陽性者数累計,74387
2021-10-27,水,退院者数累計,73668
2021-10-27,水,死亡者数累計,621
2021-10-27,水,入院・療養者数,98
2021-10-27,水,入院中の者の数,38
2021-10-27,水,うち確保病床の入院者数,38
2021-10-27,水,宿泊療養中の者の数,17
2021-10-27,水,自宅待機等の者の数,43
2021-10-28,木,陽性者数累計,74392
2021-10-28,木,退院者数累計,73676
2021-10-28,木,死亡者数累計,621
2021-10-28,木,入院・療養者数,95
2021-10-28,木,入院中の者の数,39
2021-10-28,木,うち確保病床の入院者数,39
2021-10-28,木,宿泊療養中の者の数,15
2021-10-28,木,自宅待機等の者の数,41
2021-10-29,金,陽性者数累計,74404
2021-10-29,金,退院者数累計,73699
2021-10-29,金,死亡者数累計,621
2021-10-29,金,入院・療養者数,84
2021-10-29,金,入院中の者の数,33
2021-10-29,金,うち確保病床の入院者数,33
2021-10-29,金,宿泊療養中の者の数,21
2021-10-29,金,自宅待機等の者の数,30
2021-10-30,土,陽性者数累計,74421
2021-10-30,土,退院者数累計,73704
2021-10-30,土,死亡者数累計,621
2021-10-30,土,入院・療養者数,96
2021-10-30,土,入院中の者の数,33
2021-10-30,土,うち確保病床の入院者数,33
2021-10-30,土,宿泊療養中の者の数,20
2021-10-30,土,自宅待機等の者の数,43
2021-10-31,日,陽性者数累計,74431
2021-10-31,日,退院者数累計,73719
2021-10-31,日,死亡者数累計,621
2021-10-31,日,入院・療養者数,91
2021-10-31,日,入院中の者の数,33
2021-10-31,日,うち確保病床の入院者数,33
2021-10-31,日,宿泊療養中の者の数,26
2021-10-31,日,自宅待機等の者の数,32
2021-11-01,月,陽性者数累計,74438
2021-11-01,月,退院者数累計,73727
2021-11-01,月,死亡者数累計,621
2021-11-01,月,入院・療養者数,90
2021-11-01,月,入院中の者の数,33
2021-11-01,月,うち確保病床の入院者数,33
2021-11-01,月,宿泊療養中の者の数,26
2021-11-01,月,自宅待機等の者の数,31
2021-11-02,火,陽性者数累計,74443
2021-11-02,火,退院者数累計,73744
2021-11-02,火,死亡者数累計,621
2021-11-02,火,入院・療養者数,78
2021-11-02,火,入院中の者の数,25
2021-11-02,火,うち確保病床の入院者数,25
2021-11-02,火,宿泊療養中の者の数,27
2021-11-02,火,自宅待機等の者の数,26
2021-11-03,水,陽性者数累計,74447
2021-11-03,水,退院者数累計,73746
2021-11-03,水,死亡者数累計,621
2021-11-03,水,入院・療養者数,80
2021-11-03,水,入院中の者の数,21
2021-11-03,水,うち確保病床の入院者数,21
2021-11-03,水,宿泊療養中の者の数,30
2021-11-03,水,自宅待機等の者の数,29
2021-11-04,木,陽性者数累計,74456
2021-11-04,木,退院者数累計,73753
2021-11-04,木,死亡者数累計,621
2021-11-04,木,入院・療養者数,82
2021-11-04,木,入院中の者の数,21
2021-11-04,木,うち確保病床の入院者数,21
2021-11-04,木,宿泊療養中の者の数,26
2021-11-04,木,自宅待機等の者の数,35
2021-11-05,金,陽性者数累計,74461
2021-11-05,金,退院者数累計,73758
2021-11-05,金,死亡者数累計,622
2021-11-05,金,入院・療養者数,81
2021-11-05,金,入院中の者の数,19
2021-11-05,金,うち確保病床の入院者数,19
2021-11-05,金,宿泊療養中の者の数,23
2021-11-05,金,自宅待機等の者の数,39
2021-11-06,土,陽性者数累計,74467
2021-11-06,土,退院者数累計,73766
2021-11-06,土,死亡者数累計,622
2021-11-06,土,入院・療養者数,79
2021-11-06,土,入院中の者の数,19
2021-11-06,土,うち確保病床の入院者数,19
2021-11-06,土,宿泊療養中の者の数,18
2021-11-06,土,自宅待機等の者の数,42
2021-11-07,日,陽性者数累計,74469
2021-11-07,日,退院者数累計,73770
2021-11-07,日,死亡者数累計,622
2021-11-07,日,入院・療養者数,77
2021-11-07,日,入院中の者の数,18
2021-11-07,日,うち確保病床の入院者数,18
2021-11-07,日,宿泊療養中の者の数,13
2021-11-07,日,自宅待機等の者の数,46
2021-11-08,月,陽性者数累計,74471
2021-11-08,月,退院者数累計,73791
2021-11-08,月,死亡者数累計,622
2021-11-08,月,入院・療養者数,58
2021-11-08,月,入院中の者の数,13
2021-11-08,月,うち確保病床の入院者数,13
2021-11-08,月,宿泊療養中の者の数,14
2021-11-08,月,自宅待機等の者の数,31
2021-11-09,火,陽性者数累計,74474
2021-11-09,火,退院者数累計,73795
2021-11-09,火,死亡者数累計,622
2021-11-09,火,入院・療養者数,57
2021-11-09,火,入院中の者の数,10
2021-11-09,火,うち確保病床の入院者数,10
2021-11-09,火,宿泊療養中の者の数,14
2021-11-09,火,自宅待機等の者の数,33
2021-11-10,水,陽性者数累計,74481
2021-11-10,水,退院者数累計,73798
2021-11-10,水,死亡者数累計,622
2021-11-10,水,入院・療養者数,61
2021-11-10,水,入院中の者の数,9
2021-11-10,水,うち確保病床の入院者数,9
2021-11-10,水,宿泊療養中の者の数,14
2021-11-10,水,自宅待機等の者の数,38
2021-11-11,木,陽性者数累計,74483
2021-11-11,木,退院者数累計,73812
2021-11-11,木,死亡者数累計,622
2021-11-11,木,入院・療養者数,49
2021-11-11,木,入院中の者の数,11
2021-11-11,木,うち確保病床の入院者数,11
2021-11-11,木,宿泊療養中の者の数,14
2021-11-11,木,自宅待機等の者の数,24
2021-11-12,金,陽性者数累計,74493
2021-11-12,金,退院者数累計,73818
2021-11-12,金,死亡者数累計,622
2021-11-12,金,入院・療養者数,53
2021-11-12,金,入院中の者の数,9
2021-11-12,金,うち確保病床の入院者数,9
2021-11-12,金,宿泊療養中の者の数,12
2021-11-12,金,自宅待機等の者の数,32
2021-11-13,土,陽性者数累計,74498
2021-11-13,土,退院者数累計,73826
2021-11-13,土,死亡者数累計,622
2021-11-13,土,入院・療養者数,50
2021-11-13,土,入院中の者の数,10
2021-11-13,土,うち確保病床の入院者数,10
2021-11-13,土,宿泊療養中の者の数,13
2021-11-13,土,自宅待機等の者の数,27
2021-11-14,日,陽性者数累計,74507
2021-11-14,日,退院者数累計,73834
2021-11-14,日,死亡者数累計,622
2021-11-14,日,入院・療養者数,51
2021-11-14,日,入院中の者の数,11
2021-11-14,日,うち確保病床の入院者数,11
2021-11-14,日,宿泊療養中の者の数,11
2021-11-14,日,自宅待機等の者の数,29
2021-11-15,月,陽性者数累計,74512
2021-11-15,月,退院者数累計,73841
2021-11-15,月,死亡者数累計,622
2021-11-15,月,入院・療養者数,49
2021-11-15,月,入院中の者の数,9
2021-11-15,月,うち確保病床の入院者数,9
2021-11-15,月,宿泊療養中の者の数,15
2021-11-15,月,自宅待機等の者の数,25
2021-11-16,火,陽性者数累計,74516
2021-11-16,火,退院者数累計,73842
2021-11-16,火,死亡者数累計,622
2021-11-16,火,入院・療養者数,52
2021-11-16,火,入院中の者の数,9
2021-11-16,火,うち確保病床の入院者数,9
2021-11-16,火,宿泊療養中の者の数,15
2021-11-16,火,自宅待機等の者の数,28
2021-11-17,水,陽性者数累計,74526
2021-11-17,水,退院者数累計,73848
2021-11-17,水,死亡者数累計,622
2021-11-17,水,入院・療養者数,56
2021-11-17,水,入院中の者の数,9
2021-11-17,水,うち確保病床の入院者数,9
2021-11-17,水,宿泊療養中の者の数,15
2021-11-17,水,自宅待機等の者の数,32
2021-11-18,木,陽性者数累計,74534
2021-11-18,木,退院者数累計,73849
2021-11-18,木,死亡者数累計,622
2021-11-18,木,入院・療養者数,63
2021-11-18,木,入院中の者の数,9
2021-11-18,木,うち確保病床の入院者数,9
2021-11-18,木,宿泊療養中の者の数,13
2021-11-18,木,自宅待機等の者の数,41
2021-11-19,金,陽性者数累計,74542
2021-11-19,金,退院者数累計,73855
2021-11-19,金,死亡者数累計,622
2021-11-19,金,入院・療養者数,66
2021-11-19,金,入院中の者の数,11
2021-11-19,金,うち確保病床の入院者数,11
2021-11-19,金,宿泊療養中の者の数,9
2021-11-19,金,自宅待機等の者の数,46
2021-11-20,土,陽性者数累計,74560
2021-11-20,土,退院者数累計,73861
2021-11-20,土,死亡者数累計,622
2021-11-20,土,入院・療養者数,78
2021-11-20,土,入院中の者の数,13
2021-11-20,土,うち確保病床の入院者数,13
2021-11-20,土,宿泊療養中の者の数,11
2021-11-20,土,自宅待機等の者の数,54
2021-11-21,日,陽性者数累計,74567
2021-11-21,日,退院者数累計,73869
2021-11-21,日,死亡者数累計,622
2021-11-21,日,入院・療養者数,77
2021-11-21,日,入院中の者の数,15
2021-11-21,日,うち確保病床の入院者数,15
2021-11-21,日,宿泊療養中の者の数,15
2021-11-21,日,自宅待機等の者の数,46
2021-11-22,月,陽性者数累計,74568
2021-11-22,月,退院者数累計,73874
2021-11-22,月,死亡者数累計,622
2021-11-22,月,入院・療養者数,72
2021-11-22,月,入院中の者の数,14
2021-11-22,月,うち確保病床の入院者数,14
2021-11-22,月,宿泊療養中の者の数,18
2021-11-22,月,自宅待機等の者の数,40
2021-11-23,火,陽性者数累計,74580
2021-11-23,火,退院者数累計,73880
2021-11-23,火,死亡者数累計,623
2021-11-23,火,入院・療養者数,77
2021-11-23,火,入院中の者の数,18
2021-11-23,火,うち確保病床の入院者数,18
2021-11-23,火,宿泊療養中の者の数,14
2021-11-23,火,自宅待機等の者の数,45
2021-11-24,水,陽性者数累計,74583
2021-11-24,水,退院者数累計,73887
2021-11-24,水,死亡者数累計,624
2021-11-24,水,入院・療養者数,72
2021-11-24,水,入院中の者の数,15
2021-11-24,水,うち確保病床の入院者数,15
2021-11-24,水,宿泊療養中の者の数,16
2021-11-24,水,自宅待機等の者の数,41
2021-11-25,木,陽性者数累計,74594
2021-11-25,木,退院者数累計,73894
2021-11-25,木,死亡者数累計,624
2021-11-25,木,入院・療養者数,76
2021-11-25,木,入院中の者の数,16
2021-11-25,木,うち確保病床の入院者数,16
2021-11-25,木,宿泊療養中の者の数,18
2021-11-25,木,自宅待機等の者の数,42
2021-11-26,金,陽性者数累計,74597
2021-11-26,金,退院者数累計,73900
2021-11-26,金,死亡者数累計,624
2021-11-26,金,入院・療養者数,73
2021-11-26,金,入院中の者の数,16
2021-11-26,金,うち確保病床の入院者数,16
2021-11-26,金,宿泊療養中の者の数,20
2021-11-26,金,自宅待機等の者の数,37
2021-11-27,土,陽性者数累計,74604
2021-11-27,土,退院者数累計,73911
2021-11-27,土,死亡者数累計,624
2021-11-27,土,入院・療養者数,69
2021-11-27,土,入院中の者の数,14
2021-11-27,土,うち確保病床の入院者数,14
2021-11-27,土,宿泊療養中の者の数,16
2021-11-27,土,自宅待機等の者の数,39
2021-11-28,日,陽性者数累計,74607
2021-11-28,日,退院者数累計,73919
2021-11-28,日,死亡者数累計,624
2021-11-28,日,入院・療養者数,64
2021-11-28,日,入院中の者の数,16
2021-11-28,日,うち確保病床の入院者数,16
2021-11-28,日,宿泊療養中の者の数,15
2021-11-28,日,自宅待機等の者の数,33
2021-11-29,月,陽性者数累計,74609
2021-11-29,月,退院者数累計,73925
2021-11-29,月,死亡者数累計,624
2021-11-29,月,入院・療養者数,60
2021-11-29,月,入院中の者の数,16
2021-11-29,月,うち確保病床の入院者数,16
2021-11-29,月,宿泊療養中の者の数,13
2021-11-29,月,自宅待機等の者の数,31
2021-11-30,火,陽性者数累計,74611
2021-11-30,火,退院者数累計,73941
2021-11-30,火,死亡者数累計,624
2021-11-30,火,入院・療養者数,46
2021-11-30,火,入院中の者の数,14
2021-11-30,火,うち確保病床の入院者数,14
2021-11-30,火,宿泊療養中の者の数,12
2021-11-30,火,自宅待機等の者の数,20
2021-12-01,水,陽性者数累計,74618
2021-12-01,水,退院者数累計,73953
2021-12-01,水,死亡者数累計,624
2021-12-01,水,入院・療養者数,41
2021-12-01,水,入院中の者の数,11
2021-12-01,水,うち確保病床の入院者数,11
2021-12-01,水,宿泊療養中の者の数,12
2021-12-01,水,自宅待機等の者の数,18
2021-12-02,木,陽性者数累計,74628
2021-12-02,木,退院者数累計,73956
2021-12-02,木,死亡者数累計,625
2021-12-02,木,入院・療養者数,47
2021-12-02,木,入院中の者の数,15
2021-12-02,木,うち確保病床の入院者数,15
2021-12-02,木,宿泊療養中の者の数,11
2021-12-02,木,自宅待機等の者の数,21
2021-12-03,金,陽性者数累計,74636
2021-12-03,金,退院者数累計,73967
2021-12-03,金,死亡者数累計,625
2021-12-03,金,入院・療養者数,45
2021-12-03,金,入院中の者の数,12
2021-12-03,金,うち確保病床の入院者数,12
2021-12-03,金,宿泊療養中の者の数,14
2021-12-03,金,自宅待機等の者の数,19
2021-12-04,土,陽性者数累計,74645
2021-12-04,土,退院者数累計,73970
2021-12-04,土,死亡者数累計,625
2021-12-04,土,入院・療養者数,51
2021-12-04,土,入院中の者の数,14
2021-12-04,土,うち確保病床の入院者数,14
2021-12-04,土,宿泊療養中の者の数,16
2021-12-04,土,自宅待機等の者の数,21
2021-12-05,日,陽性者数累計,74649
2021-12-05,日,退院者数累計,73971
2021-12-05,日,死亡者数累計,625
2021-12-05,日,入院・療養者数,54
2021-12-05,日,入院中の者の数,16
2021-12-05,日,うち確保病床の入院者数,16
2021-12-05,日,宿泊療養中の者の数,19
2021-12-05,日,自宅待機等の者の数,19
2021-12-06,月,陽性者数累計,74650
2021-12-06,月,退院者数累計,73972
2021-12-06,月,死亡者数累計,625
2021-12-06,月,入院・療養者数,53
2021-12-06,月,入院中の者の数,16
2021-12-06,月,うち確保病床の入院者数,16
2021-12-06,月,宿泊療養中の者の数,18
2021-12-06,月,自宅待機等の者の数,19
2021-12-07,火,陽性者数累計,74651
2021-12-07,火,退院者数累計,73978
2021-12-07,火,死亡者数累計,625
2021-12-07,火,入院・療養者数,48
2021-12-07,火,入院中の者の数,14
2021-12-07,火,うち確保病床の入院者数,14
2021-12-07,火,宿泊療養中の者の数,19
2021-12-07,火,自宅待機等の者の数,15
2021-12-08,水,陽性者数累計,74655
2021-12-08,水,退院者数累計,73987
2021-12-08,水,死亡者数累計,625
2021-12-08,水,入院・療養者数,43
2021-12-08,水,入院中の者の数,13
2021-12-08,水,うち確保病床の入院者数,13
2021-12-08,水,宿泊療養中の者の数,22
2021-12-08,水,自宅待機等の者の数,8
2021-12-09,木,陽性者数累計,74661
2021-12-09,木,退院者数累計,73988
2021-12-09,木,死亡者数累計,625
2021-12-09,木,入院・療養者数,48
2021-12-09,木,入院中の者の数,12
2021-12-09,木,うち確保病床の入院者数,12
2021-12-09,木,宿泊療養中の者の数,25
2021-12-09,木,自宅待機等の者の数,11
2021-12-10,金,陽性者数累計,74664
2021-12-10,金,退院者数累計,73995
2021-12-10,金,死亡者数累計,625
2021-12-10,金,入院・療養者数,44
2021-12-10,金,入院中の者の数,12
2021-12-10,金,うち確保病床の入院者数,12
2021-12-10,金,宿泊療養中の者の数,22
2021-12-10,金,自宅待機等の者の数,10
2021-12-11,土,陽性者数累計,74666
2021-12-11,土,退院者数累計,73998
2021-12-11,土,死亡者数累計,625
2021-12-11,土,入院・療養者数,43
2021-12-11,土,入院中の者の数,14
2021-12-11,土,うち確保病床の入院者数,14
2021-12-11,土,宿泊療養中の者の数,19
2021-12-11,土,自宅待機等の者の数,10
2021-12-12,日,陽性者数累計,74668
2021-12-12,日,退院者数累計,74003
2021-12-12,日,死亡者数累計,625
2021-12-12,日,入院・療養者数,40
2021-12-12,日,入院中の者の数,15
2021-12-12,日,うち確保病床の入院者数,15
2021-12-12,日,宿泊療養中の者の数,19
2021-12-12,日,自宅待機等の者の数,6
2021-12-13,月,陽性者数累計,74676
2021-12-13,月,退院者数累計,74011
2021-12-13,月,死亡者数累計,625
2021-12-13,月,入院・療養者数,40
2021-12-13,月,入院中の者の数,15
2021-12-13,月,うち確保病床の入院者数,15
2021-12-13,月,宿泊療養中の者の数,18
2021-12-13,月,自宅待機等の者の数,7
2021-12-14,火,陽性者数累計,74677
2021-12-14,火,退院者数累計,74011
2021-12-14,火,死亡者数累計,625
2021-12-14,火,入院・療養者数,41
2021-12-14,火,入院中の者の数,14
2021-12-14,火,うち確保病床の入院者数,14
2021-12-14,火,宿泊療養中の者の数,15
2021-12-14,火,自宅待機等の者の数,12
2021-12-15,水,陽性者数累計,74678
2021-12-15,水,退院者数累計,74019
2021-12-15,水,死亡者数累計,625
2021-12-15,水,入院・療養者数,34
2021-12-15,水,入院中の者の数,12
2021-12-15,水,うち確保病床の入院者数,12
2021-12-15,水,宿泊療養中の者の数,16
2021-12-15,水,自宅待機等の者の数,6
2021-12-16,木,陽性者数累計,74684
2021-12-16,木,退院者数累計,74021
2021-12-16,木,死亡者数累計,625
2021-12-16,木,入院・療養者数,38
2021-12-16,木,入院中の者の数,12
2021-12-16,木,うち確保病床の入院者数,12
2021-12-16,木,宿泊療養中の者の数,13
2021-12-16,木,自宅待機等の者の数,13
2021-12-17,金,陽性者数累計,74684
2021-12-17,金,退院者数累計,74026
2021-12-17,金,死亡者数累計,625
2021-12-17,金,入院・療養者数,33
2021-12-17,金,入院中の者の数,12
2021-12-17,金,うち確保病床の入院者数,12
2021-12-17,金,宿泊療養中の者の数,7
2021-12-17,金,自宅待機等の者の数,14
2021-12-18,土,陽性者数累計,74687
2021-12-18,土,退院者数累計,74030
2021-12-18,土,死亡者数累計,625
2021-12-18,土,入院・療養者数,32
2021-12-18,土,入院中の者の数,10
2021-12-18,土,うち確保病床の入院者数,10
2021-12-18,土,宿泊療養中の者の数,7
2021-12-18,土,自宅待機等の者の数,15
2021-12-19,日,陽性者数累計,74689
2021-12-19,日,退院者数累計,74031
2021-12-19,日,死亡者数累計,625
2021-12-19,日,入院・療養者数,33
2021-12-19,日,入院中の者の数,9
2021-12-19,日,うち確保病床の入院者数,9
2021-12-19,日,宿泊療養中の者の数,6
2021-12-19,日,自宅待機等の者の数,18
2021-12-20,月,陽性者数累計,74692
2021-12-20,月,退院者数累計,74039
2021-12-20,月,死亡者数累計,625
2021-12-20,月,入院・療養者数,28
2021-12-20,月,入院中の者の数,8
2021-12-20,月,うち確保病床の入院者数,8
2021-12-20,月,宿泊療養中の者の数,8
2021-12-20,月,自宅待機等の者の数,12
2021-12-21,火,陽性者数累計,74703
2021-12-21,火,退院者数累計,74040
2021-12-21,火,死亡者数累計,625
2021-12-21,火,入院・療養者数,38
2021-12-21,火,入院中の者の数,10
2021-12-21,火,うち確保病床の入院者数,10
2021-12-21,火,宿泊療養中の者の数,7
2021-12-21,火,自宅待機等の者の数,21
2021-12-22,水,陽性者数累計,74714
2021-12-22,水,退院者数累計,74046
2021-12-22,水,死亡者数累計,625
2021-12-22,水,入院・療養者数,43
2021-12-22,水,入院中の者の数,12
2021-12-22,水,うち確保病床の入院者数,12
2021-12-22,水,宿泊療養中の者の数,4
2021-12-22,水,自宅待機等の者の数,27
2021-12-23,木,陽性者数累計,74732
2021-12-23,木,退院者数累計,74048
2021-12-23,木,死亡者数累計,626
2021-12-23,木,入院・療養者数,58
2021-12-23,木,入院中の者の数,17
2021-12-23,木,うち確保病床の入院者数,17
2021-12-23,木,宿泊療養中の者の数,6
2021-12-23,木,自宅待機等の者の数,35
2021-12-24,金,陽性者数累計,74751
2021-12-24,金,退院者数累計,74050
2021-12-24,金,死亡者数累計,626
2021-12-24,金,入院・療養者数,75
2021-12-24,金,入院中の者の数,25
2021-12-24,金,うち確保病床の入院者数,25
2021-12-24,金,宿泊療養中の者の数,9
2021-12-24,金,自宅待機等の者の数,41
2021-12-25,土,陽性者数累計,74761
2021-12-25,土,退院者数累計,74054
2021-12-25,土,死亡者数累計,626
2021-12-25,土,入院・療養者数,83
2021-12-25,土,入院中の者の数,30
2021-12-25,土,うち確保病床の入院者数,30
2021-12-25,土,宿泊療養中の者の数,10
2021-12-25,土,自宅待機等の者の数,43
2021-12-26,日,陽性者数累計,74765
2021-12-26,日,退院者数累計,74060
2021-12-26,日,死亡者数累計,626
2021-12-26,日,入院・療養者数,79
2021-12-26,日,入院中の者の数,29
2021-12-26,日,うち確保病床の入院者数,29
2021-12-26,日,宿泊療養中の者の数,12
2021-12-26,日,自宅待機等の者の数,38
2021-12-27,月,陽性者数累計,74767
2021-12-27,月,退院者数累計,74060
2021-12-27,月,死亡者数累計,626
2021-12-27,月,入院・療養者数,81
2021-12-27,月,入院中の者の数,30
2021-12-27,月,うち確保病床の入院者数,30
2021-12-27,月,宿泊療養中の者の数,10
2021-12-27,月,自宅待機等の者の数,41
2021-12-28,火,陽性者数累計,74774
2021-12-28,火,退院者数累計,74068
2021-12-28,火,死亡者数累計,626
2021-12-28,火,入院・療養者数,80
2021-12-28,火,入院中の者の数,29
2021-12-28,火,うち確保病床の入院者数,29
2021-12-28,火,宿泊療養中の者の数,8
2021-12-28,火,自宅待機等の者の数,43
2021-12-29,水,陽性者数累計,74782
2021-12-29,水,退院者数累計,74075
2021-12-29,水,死亡者数累計,627
2021-12-29,水,入院・療養者数,80
2021-12-29,水,入院中の者の数,29
2021-12-29,水,うち確保病床の入院者数,29
2021-12-29,水,宿泊療養中の者の数,15
2021-12-29,水,自宅待機等の者の数,36
2021-12-30,木,陽性者数累計,74785
2021-12-30,木,退院者数累計,74083
2021-12-30,木,死亡者数累計,627
2021-12-30,木,入院・療養者数,75
2021-12-30,木,入院中の者の数,27
2021-12-30,木,うち確保病床の入院者数,27
2021-12-30,木,宿泊療養中の者の数,16
2021-12-30,木,自宅待機等の者の数,32
2021-12-31,金,陽性者数累計,74788
2021-12-31,金,退院者数累計,74084
2021-12-31,金,死亡者数累計,627
2021-12-31,金,入院・療養者数,77
2021-12-31,金,入院中の者の数,NA
2021-12-31,金,うち確保病床の入院者数,NA
2021-12-31,金,宿泊療養中の者の数,NA
2021-12-31,金,自宅待機等の者の数,NA
